序号,单词,音标,词义
1,ability,ə'biliti,n.能力，才能
2,able,'eibl,adj．能够；有能力的
3,about,ə'baut,"prep．关于
adv．1.大约；2.到处,四处"
4,above,ə'bʌv,prep．在……上面
5,abroad,ə'brɔ:d,adv．到(在)国外
6,accept,ək'sept,v.接受
7,accident,'æksidənt,n．事故，意外的事
8,accurate,'ækjurət,adj．精确的
9,achieve ,əˈtʃiv,v．达到，获得
10,across ,"ə'krɔs, ə'krɔ:s",prep．横过，穿过
11,act ,ækt,v．表演，扮演(角色)；行动
12,active ,'æktiv,adj．积极的；活跃的
13,activity ,æk'tivəti,n．活动
14,actor ,'æktə,n.男演员
15,actress ,'æktris,n．女演员
16,actually,æktʃuəli,adv.实际地；现实地
17,add,æd,v．添加，增加
18,addition ,ə'diʃən,n．增加
19,address ,ˈædres,n．地址
20,advantage,"əd'vɑ:ntidʒ, əd'væn-","n.有利条件；优势, 优点"
21,advertisement ,"əd'və:tismənt, ,ædvə'taizmənt",n．广告
22,advice ,əd'vais,n．忠告，劝告；建议
23,afford    ,ə'fɔ:d,v.负担得起，抽得出（时间）
24,afraid ,ə'freid,adj．害怕的；担心的
25,Africa ,'æfrikə,n．非洲
26,after ,"'ɑ:ftə, 'æf-","prep．1.在……之后；2.在……后面
adv．在后；后来"
27,afternoon,",ɑ:ftə:'nu:n",n．下午
28,again ,əˈɡɛn,adv．再一次；再；又
29,against ,"ə'ɡenst, ə'ɡeinst",prep．对着，反对
30,age ,eidʒ,n．1.年龄  2.时代
31,aged ,'eidʒid,adj．有……年岁的；上年龄的
32,agent ,'eidʒənt,n．代理人
33,ago ,ə'ɡəu,adv．以前
34,agree,ə'gri:,v．同意；应允
35,ahead ,əˈhɛd,adv．在前，向前
36,aim ,eɪm,"n．目的；目标
v．打算；瞄准"
37,air ,εə,n．空气；大气
38,airline ,'εəlain,n．航线
39,airport ,'εəpɔ:t,n．机场
40,alarm ,əˈlɑ:m,n．警报
41,alive ,ə'laiv,adj．活着的，存在的
42,all ,ɔ:l,"adj．全（部）；总；整
adv．全部地
pron．全部；全体人员
n．全部；全体人员"
43,allow ,ə'lau,v．允许，准许
44,almost ,'ɔ:lməust,adv．几乎，差不多
45,alone ,ə'ləun,"adj．单独的
adv.单独地"
46,along ,ə'lɔŋ,"prep．沿着；顺着
adv．1.向前；2.和……一起；一同"
47,already ,ɔ:l'redi,adv．已经
48,also ,'ɔ:lsəu,adv．也
49,although ,ɔ:lˈðəu,conj.虽然；尽管(= though)
50,altogether ,",ɔ:ltə'ɡeðə",adv．总共；全部地
51,always ,"'ɔ:lweiz, -wiz",adv．总是；一直；永远
52,A.M., ,上午
53,amazing ,ə'meiziŋ,adj．令人惊讶的
54,ambition ,æm'biʃən,n．雄心；野心
55,America ,ə'merikə,n．美国；美洲
56,American ,əˈmerɪkən,adj．美国的；美洲的
57,among ,ə'mʌŋ,prep．在……中间；在（三个以上）之间；
58,amount ,ə'maunt,n．数量，总数
59,amusement,ə'mju:zmənt,n.娱乐；消遣；娱乐活动
60,amusing ,ə'mju:ziŋ,adj．引起乐趣的
61,ancient ,'einʃənt,adj．古代的，古老的
62,and ,"强 ænd, 弱 ənd, ən",conj．和；又；而
63,angrily,'æŋgrili,adv.生气地；愤怒地
64,angry,'æŋɡri,adj．生气的；愤怒的
65,animal ,'æniməl,n．动物
66,another ,ə'nʌðə,"adj．再一；另一；别的；不同的
pron．另一个"
67,answer,"'ɑ:nsə, 'æn-","n．回答；答复；答案；回（信）
v．回答；答复；回（信）"
68,any ,'eni,"adj．（用于疑问句，否定句，条件句）一些；什么；任何的；任一的
pron．（无论）哪一个；（无论）哪些"
69,anybody ,"'eni,bɔdi",pron．任何人，无论谁
70,anyone,'eniwʌn,pron．任何人，无论谁
71,anything ,'eniθiŋ,pron．什么事（物）；任何事（物）
72,anywhere,'enihwεə,adv．任何地方
73,apologize,ə'pɔlədʒaiz,v．道歉
74,appear ,əˈpɪə(r),v．出现
75,apple ,ˈæpl,n．苹果
76,April ,'eiprəl,n．四月
77,area ,'εəriə,n．1.面积；范围；2.地区
78,argue,'ɑɡju:,"v．争论, 争吵"
79,arm,ɑ:m,n．手臂
80,army ,'ɑ:mi,n．军队
81,around ,ə'raund,"adv．在周围；环绕
prep．在……周围"
82,arrange,ə'reindʒ,v．安排；布置
83,arrive,əˈraɪv,v．到达；达到
84,art ,ɑ:t,n．艺术
85,article ,'ɑ:tikəl,n．文章
86,artist ,'ɑ:tist,n．艺术家；画家
87,as ,æz,"conj．1. 像……（一样）；如同； 2. 因为 3. 当……时
prep．1. 作为；当作  2. 当……时；
adv．同样地"
88,Asia ,'eiʃə,n．亚洲
89,ask ,"ɑ:sk, æsk",v．1. 问，询问；2. 请求，要求
90,assistant ,ə'sistənt,n．助手，助理
91,at , æt,"prep．1. 在(几点钟)
2. 在（某处） 
3.（表示动作的目标和方向等） "
92,attack,ə'tæk,v．进攻，袭击
93,attend,ə'tend,v．出席，参加
94,attention,ə'tenʃən,n.注意，关心
95,attitude,"'ætɪtjuːd, -tuːd",n.态度
96,attract ,ə'trækt,v．吸引，引起
97,attractive,ə'træktiv,adj.有吸引力的
98,audience,ˈɔ:diəns,n.观众，听众
99,August ,'ɔːɡəst,n．八月
100,aunt ,"ɑ:nt, ænt",n．姑；姨；伯母；舅母；婶
101,Australia ,ɔ'streiljə,n．澳大利亚；澳洲
102,Australian ,ɔ:'streɪljən,"adj．澳大利亚的；澳洲的
n．澳大利亚人"
103,automatic ,",ɔ:tə'mætik",adj．自动的
104,autumn ,'ɔ:təm,n．秋天；秋季
105,average,ˈævərɪdʒ,"adj.平均的；普通的
n.平均数"
106,award ,ə'wɔ:d,"n．奖品，奖励
v．授予"
107,away ,ə'wei,adv．离开；远离
108,awful,ˈɔfəl,adj．可怕的
109,baby ,'beibi,n．婴儿
110,back , bæk,"adv．1. 回（原处）；2. 向后
n.1. 背后；后部 2. 背"
111,bad,bæd,"adj．1. 坏的；有害的，不利的；
2. 糟糕；可惜；
3. 严重的
（worse，worst)  "
112,bag ,[bæɡ],n．书包；提包；袋子
113,bakery,'beikəri,n.面包店
114,balance ,'bæləns,n．平衡
115,ball ,bɔ:l,n．球
116,balloon ,bə'lu:n,n．气球
117,banana ,"bə'nɑ:nə, -'næ-",n．香蕉
118,bank ,bæŋk,n．银行
119,bar ,bɑ:,n．酒吧
120,base ,beis,n．根据地；基地；基础
121,basic,'beisik,adj.基本的；基础的
122,basket ,"'bɑ:skit, 'bæs-",n．篮子
123,basketball ,"bɑ:skitbɔ:l, 'bæs-",n．篮球
124,bath,bɑ:θ/bæθ,n．洗澡
125,battle ,'bætl,n．战斗；战役
126,be,bi:,"v． 是；成为（原形，其人称和时态形式有am,is,are,was,
were,being, been)"
127,beach ,bi:tʃ,n．海滨，海滩
128,bear ,beə,n．熊
129,beat ,bi:t,"v.1. 敲打；跳动；2. 打赢 
(beat, beaten)"
130,beautiful ,'bju:tiful,adj．美丽的
131,beautifully ,'bju:təfli,adv．优美地
132,because ,bi'kɔz,conj．因为
133,become,bi'kʌm," v．变得；成为
（became，become）"
134,bed ,bed,n．床
135,bedroom ,'bedru(:)m,n．卧室
136,before ,bi'fɔ:,"prep．在……以面；在……前面
adv．以前
conj．在……之前"
137,beg,beɡ,v．请求，乞求，乞讨
138,begin,bɪˈgɪn,"v．开始，着手
（began，begun）"
139,beginning ,bi'ɡiniŋ,n.开始；开端
140,behind ,bi'haind,prep．在……后面
141,adv．, ,在后面；向后
142,being ,'bi:ŋ,n．生物；人
143,believe ,bi'li:v,v．相信，认为
144,bell ,bel,n．钟，铃
145,belong,bi'lɔŋ,v．属，附属
146,below ,bi'ləu,prep．在……下面
147,belt ,belt,n．（皮）带；带子
148,beside ,bi'said,prep．在……旁边；靠近
149,besides ,bi'saidz,"prep．除……以外（还有）
adv.还有，此外"
150,best,best,"adj.& adv. 最好的;最好地，最
n．最好的（人或物）
（good和well的最高级）"
151,better,betə,"adj. & adv.较好的,更好的；更好地
n.较好的事物；较优者
（good和well的比较级） "
152,between ,bi'twi:n,prep．在（两者）之间；在……中间
153,bicycle ,'baisikl,n．自行车(=bike)
154,big ,biɡ,adj．大的
155,bill ,bil,n．1. 帐单；2. 钞票，纸币
156,bin ,bin,n．箱子；垃圾箱
157,bird ,bə:d,n．鸟
158,birthday ,'bə:θdei,n．生日
159,bit ,bɪt,n．一点；一些；少量的
160,bite,bait," v．咬；盯
（bit，bitten／bit）"
161,black ,blæk,"n．黑色
adj.黑色的"
162,blackboard ,'blækbɔ:d,n．黑板
163,blanket ,'blæŋkit,n．毯子
164,blind,blaind,"adj．瞎的
n.盲人"
165,block,blɑ:k,n．1.一排房屋；街区（街道中间的区域）；2.大块
166,blood,blʌd,n.血，血液
167,blow ,bləu,"v．吹；刮风；吹气
（blew，blown）"
168,blue ,blu,"n．蓝色
adj.蓝色的"
169,board ,bɔ:d,"n．板；木板
v．登，上（船，火车，飞机等）"
170,boat,bəut,"n.小船，小舟
v．划船（游玩）"
171,body ,'bɔdi,n．身体
172,boil ,bɔil,v．沸腾；煮
173,book ,buk,"n．书；本子
v．预订，订（房间，车票，座位等）"
174,boring ,'bɔ:riŋ,adj．乏味的；无聊的；令人厌烦的
175,born,bɔ:n,v.出生（动词bear的过去分词）
176,borrow,'bɔrəu,v．（向别人）借用；借
177,both ,bəuθ,"pron．两者（都）；双方（都）；
adj.两……（都）；双
adv．两个都"
178,bottle ,'bɔtl,n．瓶子
179,bottom ,'bɔtəm,n．底部
180,bowl ,bəul,n．碗
181,box ,bɔks,n．盒子；箱子
182,boy ,bɔi,n．男孩
183,brain,brein,n.脑
184,brave ,breiv,adj．勇敢的
185,bread ,bred,n．面包
186,break,brek,"v．打破（断，碎）；损坏；违反
n.休息；间隙
（broke，broken） "
187,breakfast ,'brekfəst,n．早餐
188,breath ,breθ,n．呼吸
189,bridge ,bridʒ,n．桥
190,bright ,brait,adj．明亮的；聪明的
191,bring,briŋ,"v．拿来；带来
（brought，brought） "
192,Britain ,'britən,n．英国；不列颠
193,British ,'britiʃ,"n．英国人
adj.英国的；英国人的"
194,broadcast ,"'brɔ:dkɑ:st, -kæst",n．广播节目
195,brother ,'brʌðə,n．兄；弟
196,brown ,braun,"n．褐色；棕色
adj.褐色的；棕色的"
197,brush ,brʌʃ,"n．刷子
v．刷；擦"
198,build,bild,"v．建筑；建造
（built，built） "
199,building ,'bildiŋ,n．建筑物；大楼
200,bund,bʌnd,n．外滩（the Bund）
201,burn ,bə:n," v．燃烧；着火；使烧焦
（burned，burned或burnt , burnt）"
202,bus ,bʌs,n．公共汽车
203,business ,'biznis,n．生意；事业；商业
204,businessman ,'biznismæn,n．商人
205,busy ,'bizi,adj．忙（碌）的
206,but ,"强 bʌt, 弱 bət, bʌt",conj．但是
207,butter ,'bʌtə,n．黄油，奶油
208,butterfly ,'bʌtəflai,n．蝴蝶
209,button , ,n．纽扣；（电铃等的）按钮
210,buy ,bai,v．买（bought，bought）
211,by ,bai,"prep．1.靠近；在……旁边；
2. 在……时间；不迟于
3.（用于被动语态）被；
4.（表示方法，手段）用，由；
5.（指交通工具等）乘（车）"
212,bye ,bai,int．再见
213,cabbage ,ˈkæbɪdʒ,n．卷心菜
214,cake ,keik,n．蛋糕；糕点；饼
215,call ,kɔ:l,"v．1.打电话给…… 2.称呼；取名；3.呼唤；喊；叫
n.1. 喊；叫；2.电话；通话"
216,camera ,'kæmərə,n．照相机
217,camp ,kæmp,n．（夏令）营；野营
218,can,kæn,"aux．& v．可能; 能够；可以；会
n. (美)罐头；罐子
（could）
can’t = can not "
219,Canada ,'kænədə,n．加拿大
220,Canadian ,kə'neidiən,"adj．加拿大的
n.加拿大人"
221,cancel, ˈkænsəl,v.取消
222,capital ,'kæpitəl,n．首都
223,captain,'kæptin,n．船长
224,car ,kɑ:,n．小汽车
225,card,kɑ:d,n．卡片
226,care ,kεə,"n．照料，保护；小心
v. 介意；在乎；关心"
227,careful ,'kεəful,adj．小心的；仔细的
228,carefully ,'kɛəfəli,adv．小心地；仔细地
229,carrot ,'kærət,n．胡萝卜
230,carry,'kæri,v．拿，搬，提，抬，背，抱，携带，运送等
231,cartoon ,kɑ:'tu:n,n．动画片；漫画
232,case ,keis,n．1. 情况；案件；2. 箱；盒
233,cat ,kæt,n．猫
234,catch,kætʃ,"v．1.接住；2.捉住；3.赶上（车辆）；4.染上（疾病）；5.弄清楚；领会；理解
（caught，caught） "
235,cause ,kɔ:z,"n．原因，起因
v．促使，引起，使发生"
236,cave,keiv,n.洞，穴；地窖
237,celebrate ,ˈsɛləˌbret,v．庆祝
238,cent ,sent,n．美分（100 cents = 1 dollar）
239,center,'sentə,n．中心，中央
240,century,'sentʃuri,n．世纪，百年
241,certainly ,'sə:tənli,adv．当然；是的；一定；无疑
242,chair ,tʃεə,n．椅子
243,chance ,"tʃɑ:ns, tʃæns",n．机遇
244,change,tʃeindʒ,"v．1.改变，变化；2.更换；3.兑换（零钱）
n.1. 零钱；找头； 2. 变化"
245,changeable ,'tʃeindʒəbl,adj．易变的；变化无常的
246,channel ,'tʃænəl,n．（电视）频道
247,charge ,tʃɑ:dʒ,n．主管，掌管
248,charity,'tʃærəti,n．慈善
249,cheap ,tʃi:p,adj．便宜的
250,check ,tʃɛk,"n． 检查；批改；支票
v. 核对；检查"
251,cheer,tʃiə,n.&v．欢呼；喝彩
252,cheese ,tʃi:z,n．奶酪
253,chemical ,'kemikəl,"n.化学品；化学物质
adj．化学的"
254,chemistry ,'kemistri,n．化学
255,chess ,tʃes,n．棋
256,chicken ,ˈtʃɪkən,n．鸡；鸡肉
257,chief,tʃi:f,"adj.主要的，首要的
n.领导，头"
258,child,tʃaɪld," n．孩子；儿童
（复children） "
259,childhood,'tʃaildhud,n.幼年时代，童年
260,China ,tʃaɪnə,n．中国
261,china,tʃaɪnə,n.瓷器
262,Chinese ,",tʃai'ni:z","adj.中国的；中国人的；汉语的
n．中国人；汉语"
263,chocolate ,'tʃɔkəlit,n．巧克力
264,choice ,tʃɔis,n．选择
265,choose,tʃu:z,"v．选择
（chose，chosen）"
266,Christmas ,ˈkrɪsməs,n．圣诞节
267,church ,tʃə:tʃ,n．教堂
268,cigarette ,",siɡə'ret, 'siɡ-",n．香烟
269,cinema ,'sinəmə,n．电影院；电影
270,circle ,'sə:kl,"n．圆圈
v．将……圈起来"
271,citizen ,'sitizən,n．公民；居民；市民
272,city ,'siti,n．城市
273,class ,klɑ:s,n．（学校里德）班级；课；等级
274,classmate ,'klɑ:smeit,n．同班同学
275,classroom ,'klɑ:srum,n．教室
276,clean ,kli:n,"v.弄干净；打扫
adj．清洁的；干净的"
277,clear ,kliə,"adj．清晰的；明亮的；清楚的
v．清除；清扫；"
278,clearly ,'kliəli,adv．清晰地；明亮地；清楚地
279,clerk ,klɑ:k,n．职员，办事员
280,clever ,ˈklevə(r),adj．聪明的
281,climb ,klaim,v．爬；攀登
282,clinic ,'klinik,n．诊所，医务室
283,clock ,klɔk,n．时钟
284,close,kləuz,"v．关，关闭
adj.亲密的；近，靠近
adv．近；靠近"
285,clothes ,kləuðz,n．衣服
286,cloud ,klaud,n．云
287,cloudy ,'klaudi,adj．多云的；阴天的
288,club,klʌb,n．俱乐部
289,coat ,kəut,n．外套；上衣
290,coffee ,'kɔfi,n．咖啡
291,coin ,kɔin,n．硬币
292,cold ,kəuld,"adj．冷的；寒冷的
n.寒冷；感冒；伤风"
293,collect,kə'lekt,v．收集；采集
294,collection ,kə'lekʃən,n．收集
295,college ,'kɔlidʒ,n．学院
296,color,'kʌlə,"n．颜色
v．涂色"
297,come,kʌm,"v．来；来到
（came，come）"
298,comfortable ,'kʌmfətəbl,adj．舒服的
299,common ,'kɔmən,adj．普通的，一般的；共有的
300,communicate ,kəˈmju:nɪkeɪt,v．交流；交际；传达（感情，信息等）
301,company ,'kʌmp(ə)ni,n．公司
302,compare,kəmˈpeə(r),v．比较，对照
303,competition ,",kɔmpi'tiʃən",n．比赛，竞赛
304,complain,kəm'plein,v.抱怨；投诉
305,complete ,kəm'pli:t,"adj．完成的，完整的，完全的
v．完成，结束"
306,completely,kəm'pli:tli,adv．完全地；完整地
307,computer ,kəm'pju:tə,n．电脑
308,concert ,"kən'sə:t, 'kɔnsə:t",n．音乐会；演奏会
309,conclusion,kən'klu:ʒən,n.结论；结束，结局
310,conference ,ˈkɒnfərəns,n．（正式得）会议；讨论会
311,confident                          ,'kɔnfidənt,adj.自信的
312,confuse,kən'fju:z,v．使困惑；扰乱；分不清
313,congratulation ,"kən,ɡrætʃu'leiʃən",n．祝贺
314,connect,kə'nekt,v.连接；把……联系起来
315,consist,kənˈsɪst,v．包含；组成；构成
316,contest ,ˈkɒntest,n．竞赛
317,continue ,kən'tinju:,v．继续
318,control,kən'trəul,v．& n．控制
319,convenient ,kənˈvi:niənt,adj．便利的；方便的
320,conversation,ˌkɒnvəˈseɪʃn,n. 会话；谈话
321,cook ,kuk,"n．厨师；炊事员
v．烹调；做饭"
322,cool ,ku:l,adj．凉的；凉爽的；酷
323,copy ,'kɔpi,"n．抄本；副本；一本（份，册）
v．1.抄写；复印；2.（计算机用语）拷（备份）3. 模仿"
324,corner ,'kɔ:nə,n．角；角落；拐角
325,correct ,kə'rekt,"adj．正确的，对的，恰当的
v．改正；纠正"
326,cost,kɔst,"v．值（多少钱）；花费
（cost，cost）"
327,cotton ,'kɔtən,n．棉花
328,cough ,kɔ:f,v．& n．咳嗽
329,count ,kaunt,v．数
330,country ,ˈkʌntri,n．国家；农村；乡下
331,couple,'kʌpl,n．夫妇；一对，一双，一副
332,course ,kɔ:s,n．过程；经过；课程
333,cousin ,'kʌzən,n．堂（表）兄弟；堂（表）姐妹
334,cover,ˈkʌvə(r),"v．覆盖；遮盖；掩盖
n.盖子；罩；封面"
335,crazy,'kreizi,adj．疯狂的
336,cream,kri:m,n.奶油，乳脂
337,create,kri'eit,v.创造；造成
338,cross ,krɒs,"n．十字行的东西
v．穿越；穿过"
339,crowded ,'kraudid,adj．拥挤的
340,cry,krai,"v．喊叫；哭
n. 叫喊；哭声"
341,culture ,'kʌltʃə,n．文化
342,cup ,kʌp,n．茶杯，杯子
343,custom ,ˈkʌstəm,n．习惯，习俗
344,customer ,'kʌstəmə,n．顾客；主顾
345,cut,kʌt,"v．切；剪；削；割
（cut，cut）"
346,cute             ,kju:t,adj. 可爱的，漂亮迷人的
347,cycle,'saikl,v．骑（自行）车
348,dad,dæd,n.（口语）爸爸
349,daily ,'deili,"adj． 每日的；日常的
adv.每天
n. 日报"
350,damage,ˈdæmɪdʒ,"n. & v．破坏, 损害"
351,dance,"dɑ:ns, dæns",n. & v．跳舞
352,danger ,'deindʒə,n．危险
353,dangerous ,'deindʒərəs,adj．危险的
354,dare,dεə,"v.（后接不带to的不定式，主要用于疑问，
否定或疑问句）敢， 敢于"
355,dark ,'dɑ:k,"n．黑暗；暗处；深色
adj.黑暗的； 暗淡的；深色的"
356,date ,deit,n．日期；约会
357,daughter ,'dɔ:tə,n．女儿
358,day ,dei,n．（一）天，（一）日；白天
359,dead ,ded,adj．死的；无生命的
360,deal,di:l,"v．对付；分配，分给；给予；经营，
（dealt，dealt）"
361,dear ,diə,adj．亲爱的； 贵的
362,death ,deθ,n．死亡
363,debate,di'beit,v. & n.争论，辩论；讨论
364,December ,di'sembə,n．十二月
365,decide ,di'said,v．决定；下决心
366,decision ,di'siʒən,n．决定；决心
367,decorate ,'dekəreit,v．装饰
368,deep ,di:p,adj．深
369,degree ,di'ɡri:,n．程度；度数；学位
370,delay,di'lei,v.& n.拖延，延误，延期
371,delicious ,di'liʃəs,adj．美味的，可口的
372,deliver ,di'livə,v．投递（信件，邮包等）；传送
373,dentist ,'dentist,n．牙科医生
374,deny              ,di'nai,v.否认，否定
375,depend,di'pend,v．依靠，依赖；取决于
376,describe,di'skraib,v．描写，叙述
377,deserve,di'zə:v,v．值得
378,design ,di'zain,v．设计，策划
379,desire       ,di'zaiə,"n．愿望；欲望 
v.渴望；热切希望"
380,desk ,desk,n．书桌；写字台
381,destroy,di'strɔi,v．破坏，毁坏
382,detail,"'di:teil, di'teil",n.细节
383,detective ,di'tektiv,"adj．侦探的
 n.侦探"
384,develop,di'veləp,v．发展；开发，培养
385,development ,di'veləpmənt,n．发展
386,dial,"'daiəl, dail",v.拨电话号码
387,dialog,'daiəlɔɡ,n．对话
388,diary ,'daiəri,n．日记；日记簿
389,dictionary ,'dikʃənəri,n．词典，字典
390,die ,dai,v．死
391,diet ,'daiət,n．饮食；食谱；食物
392,difference ,ˈdɪfrəns,n．区别
393,different ,'difərənt,adj．不同的；有差异的
394,difficult ,'difikəlt,adj．困难的；费力的
395,difficulty ,'difikəlti,n．困难
396,dig,diɡ,"v．挖；掘
（dug，dug）"
397,dinner ,'dinə,n．正餐
398,dirty ,'də:ti,adj．脏的
399,disappear ,",disə'piə",v．消失
400,disappointed                     ,",dispɔintid",adj．失望的，沮丧的
401,disaster                           ,",di'zɑ:stə",n.灾难，灾祸
402,discover ,dis'kʌvə,v．发现；看出
403,discuss,dis'kʌs,v．讨论，议论
404,discussion,dis'kʌʃən,n．讨论
405,dish ,dɪʃ,n．盘；碟；盘装菜；盘形物
406,dishonest                       ,dis'ɔnist,adj.  不诚实的，欺骗性的
407,distance ,'distəns,n．距离
408,disturb                           ,dis'tə:b,v. 扰乱；打扰
409,divide,di'vaid,v．1.分，划分；2. (算数用语)除
410,do,du,"v．&aux．做，干（用以构成疑问句及否定句。第三人称单数现在是用does)
（did，done）"
411,doctor,ˈdɒktə,n．医生
412,dog ,"dɔɡ, dɔ:ɡ",n．狗
413,dollar,'dɔlə,n．元（美国、加拿大、澳大利亚等国货币单位）
414,door ,dɔ:,n．门；通道
415,double,'dʌbl,adj.两倍的；双倍的
416,down ,daun,"prep．沿着，沿……而下
adv．向下"
417,downstairs ,'daun'stεəz,adv．到楼下；在楼下
418,draw ,drɔ:," v．1.绘画；绘制；2.拉，拖
(drew，drawn) "
419,dream,dri:m,"n．&v.梦；梦想
(dreamt, dreamt或dreamed, dreamed) "
420,dress ,dres,"n．女服，连衣裙；（统指）服装；童装
v．穿衣；穿着"
421,drink,driŋk,"v．喝；饮
n.饮料；喝酒
（drank，drunk）"
422,drive,draiv,"v．1.驾驶， 开（车）；2.驱赶
（drove，driven） "
423,driver ,draivə,n．司机，驾驶员
424,drop ,drɔp,"n．滴
v．掉下 ，落下；扔掉；放弃"
425,dry ,drai,adj．干的；干燥的
426,duck ,dʌk,n．鸭子
427,dull ,dʌl,adj．单调无味的
428,dumpling ,'dʌmpliŋ,n．馄饨；汤团
429,during ,'djuəriŋ,prep．在……的期间；在……过程中
430,duty,"'dju:ti, 'du:-",n．责任
431,each ,i:tʃ,adj．&pron．每人；每个；每件
432,eager ,'i:ɡə,adj．渴望的；热切的
433,ear ,iə,n．耳朵
434,early ,'ə:li,"adj．早的
adv. 早地"
435,earth,ɜ:θ,n．地球；土；泥；大地
436,earthquake,'ə:θkweik,n.地震
437,easily ,'i:zili,adv．容易地
438,east ,i:st,"adj.东方的;东部的
n．东，东方；东部"
439,easy ,'i:zi,adj．容易的；不费力的
440,eat,i:t,"v．吃
（ate，eaten）"
441,education ,",edju:'keiʃən",n．教育
442,educational ,",edju:'keiʃənəl",adj．教育的
443,effect ,i'fekt,n．效果
444,egg ,eg,n．蛋；卵
445,either,ˈaɪðə(r),"adj．两方任一方的；二者之一的
pron.二者之一；要么……
adv．（用于否定句或短语后）也（不）"
446,elder ,'eldə,adj．年龄较大的；前辈的
447,electric ,i'lektrik,adj．电的
448,electricity ,",ilek'trisəti",n．电
449,elementary ,",eli'mentəri",adj．初级的；基本的
450,elephant ,'elifənt,n．大象
451,else ,els,adv．别的；其他的
452,e-mail , ,"n.电子邮件(email)
v.发电子邮件"
453,empty,'empti,adj．空的
454,enable,i'neibl,v.使……能够，使……有能力
455,encourage,in'kʌridʒ,v.鼓励
456,end ,end,"n．末尾；终点；结束
v．结束，终止"
457,enemy ,'enimi,n．敌人；敌军
458,energy,'enədʒi,n.精力；能量
459,engine ,'endʒin,n．发动机，引擎
460,engineer ,",endʒi'niə",n．工程师；技师
461,England ,ɪŋɡlənd,n．英格兰
462,English ,'iŋɡliʃ,"n．英语；英国人
adj.英国的；英国人的；英语的"
463,enjoy ,in'dʒɔi,v．欣赏；享受；喜欢
464,enjoyable ,ɪnˈdʒɔɪəbl,adj．使人愉快的；使人欢乐的
465,enough ,i'nʌf,"adj．足够的；充分的
adv．足够地；充分地
n.足够；充分"
466,enter,'entə,v．进入；参加
467,entrance ,'entrəns,n．入口；入场
468,envelope ,'envələup,n．信封
469,environment ,in'vaiərənmənt,n．环境
470,equal ,'i:kwəl,"adj.平等的
v．等于"
471,escape,ɪˈskeɪp,n. & v.逃跑；逃脱
472,especially ,i'speʃəli,adv．特别地；尤其
473,estate ,ɪˈsteɪt,n．住宅区
474,Europe ,'juərəp,n．欧洲
475,eve ,i:v,n．（节日的）前夜，前夕
476,even ,'i:vən,adv．1. 甚至；连（……都）；2.更
477,evening ,'i:vniŋ,n．傍晚；晚上
478,event ,i'vent,n．事件；大事；比赛项目
479,ever,'evə,adv．曾经；无论何时
480,every ,'evri,adj．每一；每个的
481,everyone,'evriwʌn,pron．每人；人人(=everybody)
482,everyday ,'evridei,adj．每日的；日常的
483,everything ,evriθɪŋ,pron．每件事；事事
484,everywhere ,evrihwεə,adv．到处
485,exactly,iɡ'zæktli,adv.确切地（表示赞同的回答）；确实如此
486,exam,iɡ'zæm,"n．考试, 测试；检查(=examination )"
487,examine,iɡ'zæmin,v.检查，细查；对……进行考试
488,example ,iɡ'zɑ:mpl,n．例子；榜样
489,excellent ,'eksələnt,adj．极好的，优秀的
490,except,ik'sept,prep．除……之外
491,exchange ,iks'tʃeindʒ,v．交换；交流
492,excited ,ik'saitid,adj．兴奋的
493,exciting ,ik'saitiŋ,adj．使人兴奋的
494,excuse ,"ik'skju:z, ik'skju:s","v．原谅；宽恕
n.借口；辩解"
495,exercise ,'eksəsaiz,n．锻炼；做操；练习；习题
496,exhibition ,",eksi'biʃən",n．展览；展览会
497,expect,ik'spekt,v．预料；期待；认为
498,expensive,ik'spensiv,adj．昂贵的
499,experience ,ik'spiəriəns,n．经验；经历
500,experiment ,"ik'speriment, ek's-",n．实验
501,explain ,ik'splein,v．解释，说明
502,express,ik'spres,v．表达；表示
503,eye ,ai,n．眼睛
504,fable,'feibl,n．寓言
505,face,feis,n．脸；面孔
506,fact,fækt,n．事实；现实；实际
507,factory,'fæktəri,n．工厂
508,fail,feil,v．失败；不及格
509,fair,fεə,adj．公平的；合理的；金色的
510,fall,fɔ:l,"v．落下；降落；倒下；跌倒(fell，fallen）
n.(美)秋季"
511,familiar,fə'miljə,adj．熟悉的
512,family,ˈfæməli,n．家庭；家族；家人
513,famous,'feiməs,adj．著名的
514,fan,fæn,n．1. (电影、运动的)迷；热心的爱好者（支持者）
515,far,fɑ:,"adj．远的
adv．远地
(比较级farther,最高级farthest;或比较级further,最高级furthest）"
516,farm,fɑ:m,n．农场；农庄
517,farmer,'fɑ:mə,n．农民，农夫
518,fast,"fɑ:st, fæst",adj．快的；迅速的
519,fat,fæt,"adj．胖的；肥的
n.脂肪"
520,father,'fɑ:ðə,n．父亲
521,favor,'feivə,n．恩惠；好意；帮助
522,favorite,'feivərit,"adj．最喜爱的
n.特别喜爱的人（或物）"
523,fear,fiə,n．害怕；恐惧
524,February,'februəri,n．二月
525,feed,fi:d,"v．喂养；饲养
（fed, fed）"
526,feel,'fi:l,"v．&link.感觉，觉得；摸，触
（felt，felt）"
527,female,'fi:meil,n．女的；女性的；雌性的
528,fence,'fens,n．栅栏；围栏；篱笆
529,ferry,'feri,n．渡船
530,festival,'festəvəl,n．节日
531,fever,'fi:və,n．发烧；发热
532,few,fju:,"pron．不多；少数
adj.不多的；少数的"
533,field,'fi:ld,n．田地；牧场；场地
534,fight,fait,"v.& n.打仗；打架；争论
(fought，fought）"
535,figure,'fiɡə,n．（人的）体型，外形；数字
536,fill,fil,v．填空；装满；充满
537,film,film,n．电影；影片；胶卷
538,final,'fainl,adj．最后的；终极的
539,finally,'fainəli,adv．最后，最终
540,find,faɪnd,"v．找到；发现；发觉
（found，found）"
541,fine,fain,adj．晴朗的；美好的；（身体）健康的；
542,finger,'fiŋɡə,n．手指
543,finish,'finiʃ,v．结束；做完
544,fire,'faiə,"n．火；火炉；火灾
v.开火，开（枪，炮等），射击"
545,fireman,'faiəmən,n．消防队员
546,firework,'faiəwə:k,n．烟火
547,first,fə:st,"adj．第一的；最初的
adv．第一；首先；最初
n.开始；开端"
548,fish,fiʃ,"n．鱼；鱼肉
v．钓鱼；捕鱼"
549,fisherman,'fiʃəmən,n．渔夫，渔民
550,fit,'fit,"v．（使）适合，与……相配
adj.健康的，合适的
（fit，fit；fitted，fitted）"
551,fix,fiks,v．修理；安装
552,flag,flæɡ,n．旗；旗舰
553,flash,flæʃ,n.闪；闪光；转瞬间
554,flat,flæt,n．一套房间；公寓
555,flight,flait,n．航班；飞行
556,flood,flʌd,n.洪水，水灾
557,floor,flɔ:,n．地面，地板；（楼房的）层
558,flower,'flauə,n．花
559,fly,flai,"v．飞；飞行；乘飞机旅行；（旗子等）飘动
v.放（风筝、飞机模型等）
n.飞行；苍蝇
（flew，flown）"
560,focus,'fəukəs,v．集中
561,follow,'fɔləu,v．听从；跟随；仿效；跟得上；遵守
562,following,'fɔləuiŋ,adj．下列的；接着的；以下的
563,fond,fɔnd,adj.喜爱的
564,food,fu:d,n．食物，食品
565,fool,fu:l,"v．愚弄；欺骗
n.傻子"
566,foolish,'fu:liʃ,adj．愚蠢的；傻的
567,foot,fut,n．脚，足；英尺（复feet)
568,football,"'fut,bɔ:l",n．（英式）足球；（美式）橄榄球
569,for,"强 fɔ:, 弱fə","prep．1.（说明目、用途等）为了……
2.（表示方向）向；
3.（表示时间，距离等）计；
4．（表示原因）因为……
5．（表示对象）对……来说
conj.因为，由于"
570,forecast,'fɔ:kɑ:st,n．& v．预告，预报
571,foreign,'fɔrin,adj．外国的
572,foreigner,'fɔrinə,n．外国人
573,forest,'fɔrist,n．森林
574,forever,fə'revə,adv．永远；永恒的
575,forget,fə'gɛt,"v．忘记；忘掉
（forgot，forgotten) "
576,forgetful,fə'ɡetful,adj．健忘的
577,fork,fɔ:k,n．叉
578,form,fɔ:m,n.形式，方式
579,forward,'fɔ:wəd,adv．向前，前进；今后
580,fountain,'fauntin,n．喷泉
581,France,frɑ:ns,n．法国
582,free,fri:,adj．自由的；空闲的；免费的
583,freedom,'fri:dəm,n．自由
584,freeze,fri:z,"v．结冰
（froze，frozen）"
585,freezing,'fri:ziŋ,adj．结冰的；极冷的
586,French,frentʃ,"adj．法国的，法国人的；法语的
n.法国人；语"
587,fresh,freʃ,adj．新鲜的
588,Friday,'fraidi,n．星期五
589,fridge,fridʒ,n．冰箱
590,fried,fraid,adj.油煎的
591,friend,frend,n．朋友
592,friendly,'frendli,adj．朋友般的；友好的
593,friendship,'frendʃip,n．友谊
594,frighten,'fraitən,v．使害怕
595,frightened,'fraitnd,adj．受惊吓的；吃惊的
596,frightening,'fraitəniŋ,adj．恐怖的
597,from,"强frɔm, 弱frəm","prep．1．（表示起点）从；自 
2．（表示时间）从……开始
3．（表示距离）距……；离……
4.（表示来源）来自"
598,front,frʌnt,"n．前面；前部；前线
adj.前面的；前部的"
599,frozen,'frəuzn,adj．冰冻的
600,fruit,fru:t,n．水果；果实
601,fuel,'fjuəl,n．燃料
602,full,ful,adj．满的，充满的；完全的
603,fun,fʌn,n．乐趣；有趣的事；娱乐，玩笑
604,funny, ˈfʌni,adj．滑稽的；可笑的
605,furniture,'fə:nitʃə,n．（总称）家具
606,future,'fju:tʃə,n．将来，未来
607,gain,ɡein,v．获得，得到
608,game,ɡeim,n．游戏；运动；比赛
609,garden,'ɡɑ:dn,n．花园，果园，菜园
610,gas,ɡæs,n．气态；气体；煤气
611,gate,ɡeit,n．大门
612,general, ˈdʒɛnərəl,adj．大体的，笼统的，总的
613,generation,",dʒenə'reiʃən",n.代，一代
614,generous,'dʒenərəs,adj.慷慨的；大方的
615,gentle,'dʒentl,adj.温柔的，轻轻的
616,gentleman, ˈdʒɛntlmən,n．绅士；先生
617,gently,'dʒentli,adv．轻柔的
618,geography,dʒi'ɔɡrəfi,n．地理
619,German,'dʒə:mən,"n．德国人；德语
adj.德国的；德国人的；德语的"
620,Germany,'dʒə:məni,n．德国
621,get, ɡɛt,"v．成为；变得；得到；到达；
（用于have got短语中）具有
（got，got/gotten）"
622,gift,ɡift,n.赠品；礼物
623,girl, gɜ:rl,n．女孩
624,give,ɡiv,"v．给；递给；付出；给予
（gave，given）"
625,glad,ɡlæd,adj．高兴的；乐意的
626,glass,"ɡlɑ:s, ɡlæs",n．玻璃；玻璃杯；（复）眼镜
627,go, ,"v．去；走；驶；通到；达到
（went，gone）"
628,goal,ɡəul,n．目标
629,gold,ɡəuld,n．黄金
630,golden,'ɡəuldən,adj．金色的
631,good,ɡud,"adj．好；良好
（比较级better，最高级best）"
632,government,'ɡʌvənmənt,n．政府
633,grade,ɡreid,n．等级；（中小学的）学年；成绩，分数
634,graduate,"'ɡrædʒuət, -eit, 'ɡrædjueit, -dʒu-","v．毕业
n.大学毕业生"
635,grandma,'ɡrændmɑ:,n．奶奶；外婆(=grandmother )
636,grandpa,'ɡrændpɑ:, n．爷爷；外公(=grandfather)
637,grass,"ɡrɑ:s, ɡræs",n．草；草场；牧草
638,great,ɡreit,adj．伟大的；重要的；（口语）美妙的；很好
639,green,ɡri:n,"n．绿色
adj.绿色的；青的"
640,greenhouse,'ɡri:nhaus,n.温室，暖房
641,greet,ɡri:t,v.问候；向……致敬
642,ground, ɡraʊnd,n．地面
643,group,ɡru:p,n．组，群
644,grow,ɡrəu,"v.生长；发育；种植；变成
（grew，grown）"
645,guess, ɡɛs,v．猜测；推测
646,guest,ɡest,n．客人，宾客
647,guide,ɡaid,n．向导，导游；指南
648,gun, ɡʌn,n．枪，炮
649,habit,'hæbit,n．习惯
650,hair,hεə,n．头发
651,half,"hɑ:f, hæf",adj.& n．半，一半，半个
652,hall,hɔl,n．大厅，会堂，礼堂
653,hamburger,ˈhæmbɜ:rgə®,n．汉堡包
654,hand,hænd,"n．手；指针
v．递；给；交付；交进"
655,hang,'hæŋ,"v．悬挂；把……吊起(hung，hung）
 v. 处绞刑；上吊(hanged,hanged)"
656,happen,'hæpən,v．（偶然）发生；碰巧
657,happily,'hæpili,adv.幸福地；快乐地，高兴地
658,happy,'hæpi,adj．幸福的；快乐的，高兴的
659,hard,hɑ:d,"adj．硬的；困难的；艰难的
adv．努力地；使劲；猛烈地"
660,hardly,'hɑ:dli,adv．几乎不
661,hardworking,"'hɑ:d,wə:kiŋ",adj．努力工作的
662,harmful,'hɑ:mful,adj．有害的
663,hat,hæt,n．帽子
664,hate,heit,v．& n.不喜欢；恨；讨厌
665,have,"hæv, 弱həv, əv, v","v．有；吃；喝；进行
（had，had）"
666,head,hed,n．头；头脑；首脑
667,headache,'hedeik,n．头痛
668,headline,'hedlain,n．（报刊的）大字标题
669,headmaster,"'hed'mɑ:stə, -mæstə",n．（英）中小学校长
670,health,helθ,n．健康
671,healthy,'helθi,adj．健康的
672,hear,hiə,"v. 听见；听说；得知
(heard，heard）"
673,heart,hɑ:t,n．心；心脏
674,heat,hi:t,"n．热度，热量
v．加热"
675,heavily,'hevili,adv．沉重地；大量地
676,heavy, ˈhɛvi,adj．重的
677,height,hait,n．高度
678,hello,"he'ləu, hə-",int．喂；你好
679,help,help,v．＆ n．帮助，帮忙
680,helpful,'helpful,adj．有帮助的，有益的
681,here,hiə,adv．这里，在这里；向这里
682,hero,'hiərəu,v.英雄，勇士，男主角
683,hesitate,'heziteit,v．犹豫，踌躇
684,hide,haid,"v．把……藏起来，隐藏
（hid,hidden）"
685,high,hai,adj．高的
686,hill,hil,n．小山
687,historical,his'tɔrikəl,adj．历史的，历史上
688,history,'histəri,n．历史
689,hit,hit,"v．打，撞，击中，碰撞
（hit，hit）"
690,hobby,'hɔbi,n．兴趣；嗜好
691,hold, hoʊld,"v．1．拿；抱；握住2．举行；进行
3．保持 4．容纳
（held，held）"
692,hole,həul,n．洞，坑
693,holiday,'hɔlədi,n．假日；假期
694,home,həum,"n．家
adv．在家；到家；回家"
695,homeless,'həumlis,adj．无家可归的
696,homework,'həumwə:k,n．家庭作业
697,honest,'ɔnist,adj．诚实的；正直的
698,honesty,'ɔnisti,n．诚实
699,honey,'hʌni,n．蜂蜜
700,honor,'ɔnə,n.荣誉，光荣
701,hope,həup,v．& n.希望
702,horrible,'hɔrəbl,adj.令人恐惧的；恐怖的
703,horse,hɔ:s,n．马
704,hospital,'hɔspitəl,n．医院
705,host,həust,n．主人；节目主持人
706,hot,hɔt,adj．热的
707,hot-dog, 'hɔtdɔg,n．热狗
708,hotel,həu'tel,n．旅馆，宾馆
709,hour,auə,n．小时
710,house,"haus, hauz",n．房子；住宅；家
711,housework,'hauswə:k,n．家务活
712,how,hau,"adv．1．（方法、手段、状态）怎样；如何
2．（程度、数量、价钱）多少
3．（感叹）多么"
713,however, haʊ'evə,"adv． 可是
conj．然而，可是，尽管如此"
714,huge,hju:dʒ,adj．巨大的，庞大的
715,human,'hju:mən,"adj．人的，人类的
n.（＝human being）人类"
716,hungry,'hʌŋɡri,adj．饥饿的
717,hunt,hʌnt,v．寻找；猎取
718,hurry, 'hʌrɪ,"v．赶快；急忙
n.赶紧；急忙"
719,hurt,hə:t,"v．伤害；痛；使受伤痛
（hurt，hunt）"
720,husband,'hʌzbənd,n．丈夫
721,ice,[ais],n．冰
722,ice-cream,'aiskri:m,n．冰淇淋
723,idea,"ai'diə, 'ai'diə",n．主意，意见，打算，想法
724,if,if,"conj．1．（连接状语从句）如果；假使
2．（连接宾语从句）是否；是不是"
725,ill,il,adj．有病的；不健康的
726,illness,'ilnis,n.疾病
727,imagine,i'mædʒin,v.想象，设想
728,immediately,i'mi:diətli,adv．立即，马上
729,importance,im'pɔ:təns,n．重要性
730,important,im'pɔ:tənt,adj．重要的
731,impossible,im'pɔsəbl,adj．不可能的
732,improve,im'pru:v,v．改进，更新
733,in,in,"prep．1．在……（位置）里（内）；
2．在……（时间）
3．在……（情况、状态）中
4．以……（方法）；使用……（语言）
5．穿；戴"
734,inch,intʃ,n．英寸
735,include,in'klu:d,v.包括；包含
736,income,'inkʌm,n.收入，所得
737,increase,"in'kri:s, 'inkri:s",v.&n.增加
738,independent,",indi'pendənt",adj.独立的；有主见的
739,indoor,'indɔ:,adj．室内的
740,industry,'indəstri,n.工业，产业
741,information,",infə'meiʃən",n．信息，情报，资料
742,ink,iŋk,n．墨水，油墨
743,inside,",in'said, 'in-","prep．在……里面
adv．在里面"
744,instead, ɪn'sted,adv．代替，顶替
745,interest,"'intrist, 'intər-",n．兴趣；趣味
746,interested,"'intristid, 'intər-",adj．感兴趣的
747,interesting,ˈɪntrɪstɪŋ，ˈɪntrəstɪŋ,adj．有趣的；有意思的
748,international, ɪntə'næʃ(ə)n(ə)l,adj．国际的
749,Internet,'intənet,n.因特网，互联网
750,interview,'intəvju:,v．＆ n．采访，会见，面试
751,into,"'intu:, -tu, -tə","prep．1．（动作方向）到……里；向内
2．（表示情况和结果的变化）变成"
752,introduce,",intrə'dju:s",v．介绍
753,invent,in'vent,v．发明，创造
754,invention,in'venʃən,n．发明，创造
755,inventor,in'ventə,n．发明家，创造者
756,investigate,in'vestiɡeit,v.调查
757,invitation, ɪnvɪ'teɪʃ(ə)n,n．邀请，请帖
758,invite,"in'vait, 'invait",v．邀请
759,iron,'aiən,n．铁
760,island,'ailənd,n．岛
761,Italian,i'tæljən,"n．意大利人；意大利语
adj.意大利人的；意大利语的"
762,Italy,'itəli,n．意大利
763,item, 'aɪtəm,n．项目；节目
764,jacket, 'dʒækɪt,n．短上衣，夹克衫
765,jam,dʒæm,n．果酱；阻塞
766,January,'dʒænjuəri,n．一月
767,Japan,dʒə'pæn,n．日本
768,Japanese,",dʒæpə'ni:z","n．日本人；日语
adj.日本的；日语的；日本人的"
769,jeans,dʒi:nz,n．牛仔裤
770,job,dʒɔb,n．工作
771,join,dʒɔin,v．参加，加入；连接
772,joke,dʒəuk,"n．笑话
v．开玩笑"
773,journalist,'dʒə:nəlist,n.记者，新闻工作者
774,journey,'dʒə:ni,n.旅行
775,joy,dʒɔi,n．欢乐，高兴，乐趣
776,judge,dʒʌdʒ,"n．裁判；审判员；法官
v．审判；断定"
777,juice,dʒu:s,n．果汁
778,July,dʒʊˈlaɪ,n．七月
779,jump,dʒʌmp,n. & v．跳跃
780,June, dʒu:n,n．六月
781,junior,'dʒu:njə,adj．初级的；年少的
782,just,dʒʌst,adv．刚才；恰好；不过；仅
783,keen,ki:n,adj．热心的
784,keep,ki:p,"v．保持；保存；继续不断；培养，饲养
(kept，kept）"
785,key,ki:,n．钥匙；答案；关键
786,keyboard,'ki:bɔ:d,n．键盘
787,kick,kik,v．& n. 踢
788,kid,kid,"v．开玩笑
n.小孩"
789,kill,kil,v．杀死，弄死
790,kilogram,'kiləuɡræm,n．千克（公斤）
791,kilometre,'kiləmi:tə(r),n．千米（公里）
792,kind,kaind,"adj．善良的；友好的
n.种；类"
793,kindergarten,"'kində,ɡɑ:tən",n．幼儿园
794,kindness,'kaindnis,n．仁慈，好意
795,king,英[kɪŋ] 美[kɪŋ],n．国王
796,kitchen,'kitʃin,n．厨房
797,kite, kaɪt,n．风筝
798,knife,naif,n．小刀（复knives）
799,knock,nɔk,n.& v．敲（门）；打；击
800,know,nəu,"v．知道，了解；认识；懂得
（knew，known）"
801,knowledge,'nɔlidʒ,n．知识，学问
802,lab,læb,n．实验室
803,lady,'leidi,n．女士，夫人
804,lake,leik,n．湖
805,lamp,læmp,n．灯
806,land,lænd,"n．陆地；土地
v．登陆；降落"
807,language,'læŋɡwidʒ,n．语言
808,lantern,'læntən,n．灯笼
809,large,lɑ:dʒ,adj．大的；巨大的
810,last,"lɑ:st, læst","adj．最近刚过去的；最后的
adv．最近刚过去；最后地
n.最后"
811,late,leit,"adj．晚的；迟的
adv．晚地；迟地"
812,later,'leitə,"adj.晚些的，迟些的
adv.后来，以后"
813,laugh,"lɑ:f, læf",v．& n.笑，大笑；嘲笑
814,law,lɔ:,n．法律
815,lawyer,'lɔ:jə,n.律师
816,lay, lei,"v．放，搁；下（蛋）
（laid，laid）"
817,lazy,'leizi,adj．懒惰的
818,lead ,"[li:d], [led]","v．领导，带领
(led，led）"
819,learn,lə:n,"v．学习，学会
（learnt,learnt；learned,learned）"
820,leave,li:v,"v．离开；把……留下，剩下
n.准假
（left，left）"
821,lecture,'lektʃə,n．讲座，讲课，演讲
822,left, left,"adj．左边的
n.左，左边
adv．向左"
823,leg,leɡ,n．腿
824,lend,lend,"v．借（出）；把……借给
（lent，lent）"
825,length,"leŋθ, leŋkθ",n．长度
826,lesson,'lesən,n．课；功课；教训
827,let,let,"v．让
（let，let）"
828,letter,'letə,n．信；字母
829,level,'levəl,n．水平线，水平
830,librarian,lai'brεəriən,n．图书馆管理员
831,library,'laibrəri,n．图书馆；图书室
832,lie,lai,"n.& v．谎言；说谎
v.躺；卧；位于（lay，lain）"
833,life,laif,n．生命；生活；人生（复lives）
834,lift,lift,"n．（英）电梯
v．举起，抬起"
835,light, lait,"n．光；灯光
adj.明亮的；轻的；浅色的"
836,like,laik,"v．1．喜欢；喜爱2．想要（should / would like）
prep．像，跟……一样"
837,likely,'laikli,adj.很可能的
838,limited,'limitid,adj.有限的，限制的
839,line,lain,"n．排，行，线路
v.排队"
840,link,liŋk,v. & n.连接；联系
841,lion,'laiən,n．狮子
842,liquid,'likwid,n．液体
843,list,list,n．目录，清单
844,listen,'lisən,v．听，仔细听
845,litter,'litə,n．废物，垃圾，乱丢杂物
846,little,'litl,"adj．小的，少的（比较级less，最高级least）
adv.很少地，稍许
n.没有多少,一点"
847,live,"lɪv,lʌɪv",v．生活；居住；活着
848,local,'ləukəl,adj．当地的；地方的
849,locate,"英 [ləuˈkeit] 美 [ˈloˌket,loˈket]",v．坐落于，确定……的地方
850,location,ləu'keiʃən,n．位置；场所
851,lock,lɔk,n．＆ v．锁
852,London,'lʌndən,n．伦敦
853,lonely,'ləunli,adj.孤独的，寂寞的
854,long, lɒŋ,adj．（时间）长的，（距离）远的
855,look,luk,"v．看，观看；看起来
n.看，瞧"
856,lose,lu:z,v．失去；丢失（lost，lost）
857,lot, lɒt,n．许多
858,loud,laud,adj．大声的
859,loudly,'laudli,adv．大声地
860,love,lʌv,n．& v.爱；热爱；很喜欢
861,low,ləu,adj．& adv.低；矮
862,luck,lʌk,n．运气，好运
863,luckily,'lʌkili,adv．幸运地；侥幸地
864,lucky,'lʌki,adj．幸运的
865,luggage,'lʌɡidʒ,n.行李
866,lunch, lʌntʃ,n．午餐，午饭
867,machine,mə'ʃi:n,n．机器
868,mad,mæd,adj．发疯的；生气的
869,magazine, 'mæɡəzin,n．杂志
870,mail,meil,"n．（美）邮件，邮递
v．邮寄"
871,main,mein,adj．主要的
872,mainly,'meinli,adv．主要地
873,make,meik,"v．制造，做；使得
(made, made) "
874,male,meil,adj．男（性）的；雄的，男性
875,mall,mɔ:l,n．大型商场
876,man,mæn,n．成年男人；人；人类(复men）
877,manage, 'mænɪdʒ,v．管理，经营；处理；设法对付
878,manager,'mænidʒə,n．经理
879,manner,'mænə,n．方式，态度，举止
880,many,'meni,"adj．许多的
pron．许多人（或物）
（more，most）"
881,map,mæp,n．地图
882,March,ma:tʃ,n．三月
883,mark, 'mɑ:k,"n．标记，记号；符号；（考试等）分数
v．标明；用记号于；给……打分数"
884,market, 'mɑ:kit,n．市场；集市
885,marry,'mæri,v.（使）成婚，结婚
886,match,mætʃ,"n．比赛，竞赛；火柴
v．与……匹配"
887,material,mə'tiəriəl,n.材料，原料
888,maths,mæθs,n．（通常做单数用）数学(mathematics) 
889,matter, 'mætə,"n．要紧事，麻烦事，事情；问题；物质
v．（用于否定句和疑问句）要紧，有关系"
890,May,mei,n．五月
891,may,mei,aux．v．可以；也许，可能（might）
892,maybe,'meibi,adv．可能，大概；也许
893,meal,mi:l,n．一餐（饭）
894,mean, mi:n,"v．意思是；意味着
（meant，meant）"
895,meat,mi:t,n．肉
896,medical,'medikəl,adj．医学的；医疗的
897,medicine,'medisin,n．药
898,medium,"'mi:diəm, -djəm",adj．中间的；中等的
899,meet,mi:t,"v．遇见，见到；会见；迎接；满足；会，集会
（met，met）"
900,meeting,'mi:tiŋ,n．会；集会；会见
901,member,'membə,n．成员，会员
902,memory,'meməri,n．回忆，记忆
903,menu,"'menju:, mə'nju:",n．菜单
904,message,'mesidʒ,n．消息；音信
905,metal,'metəl,n．金属
906,method,'meθəd,n．方法，办法
907,meter,mi:tə,n．米（公制长度单位）
908,middle, ˈmɪdl,n.中间；当中；中部
909,mile,mail,n．英里
910,milk,milk,n．牛奶
911,mind,maind,"n．思想；想法
v．介意；关心"
912,minus,'mainəs,prep．& adj.负的，减去的
913,minute, 'mɪnɪt,n．分钟；一会儿，瞬间
914,mirror,'mirə,n．镜子
915,miss, mɪs,v．1. 失去，错过，缺；2. 惦记
916,Miss, mɪs,n．小姐，女士（称呼未婚妇女）
917,mistake,mi'steik,"n．错误
v．弄错，误解"
918,mix,miks,v．混合，搅拌
919,mixture,'mikstʃə,n．混合物
920,model,'mɔdəl,n．模型，范例；模范；模特
921,modern,'mɔdən,adj．现代的
922,moment, ˈməʊmənt,n．片刻；瞬间
923,Monday,'mʌndi,n．星期一
924,money,'mʌni,n．钱；货币
925,monitor, ˈmɒnɪtə®,n．班长；监视器
926,monkey,'mʌŋki,n．猴子
927,month,mʌnθ,n．月；月份
928,moon,mu:n,n．月球，月亮
929,more,mɔ:,"adj．较多的；更大的；更多的
adv．再；更
n.更多的量
（many或much的比较级）"
930,morning,'mɔ:niŋ,n．早晨，上午
931,most,məust,"adj．最大的；最多的；大多数的；大部分的
adv．最
n.大部分；大多数
（many或much的最高级）"
932,mother,'mʌðə,n．母亲
933,motor,'məutə,n．发动机，引擎
934,motorcycle,"'məutə,saikl",n．摩托车
935,mountain,ˈmauntin，ˈmaʊntən,n．山，山脉
936,mouse,"maus, mauz",n．老鼠；（计算机）鼠标(复mice) 
937,mouth,mauθ,n．嘴，口
938,move, mu:v,v．移动，搬动，搬家
939,movie,'mu:vi,n．电影
940,Mr,'mistə(r),n．先生
941,Mrs,'misiz,n．夫人，太太
942,much,mʌtʃ,"adj．（修饰不可数名词）大量的，许多的
n.（表示不可数名词）大量，许多
adv．（修饰动词）非常；（加强比较级）更加
（more，most）"
943,mum,mʌm,n.（口语）妈妈
944,museum,mju:'ziəm,n．博物馆
945,mushroom,"'mʌʃru:m, -rum",n.蘑菇
946,music,'mju:zik,n．音乐；乐曲
947,must,"mʌst, 弱məst, məs, mst, ms",aux．v．必须；需要；应当；必定是，一定
948,name, neɪm,"n．名字，姓名，名称
v.命名，名叫"
949,narrow,'nærəu,adj．狭窄的
950,nation,'neiʃən,n.民族，国家
951,national,'næʃənəl,adj．全国性的；国家的；民族的
952,nationality,",næʃən'æliti",n．国籍
953,native,'neitiv,"adj.本地的；本国的；当地的
n.本地人；本国人"
954,natural,'nætʃərəl,adj.自然的，天然的
955,nature,'neitʃə,n．自然；本质
956,near,niə,"prep．在……附近
adj.近的，附近的
adv.附近，邻近"
957,nearby,'niə'bai,"adj．附近的
adv．在附近"
958,nearly,'niəli,adv.将近，几乎，差不多
959,necessary,'nesisəri,adj．必需的，必要的
960,need,ni:d,"aux．v． 必须
v.需要，必须
n.需要，需求，必要"
961,neighbor,'neibə,n．邻居
962,neighborhood, 'neɪbəhʊd,n．邻近地区，街坊
963,neither,"'naiðə, 'ni:-","pron．（两者）都不
adj.（两者）都不
adv．也不
conj．也不"
964,nervous,'nə:vəs,adj．紧张的
965,net,net,n.网
966,network,'netwə:k,n.网络；网络系统
967,never,'nevə,adv．决不；从来没有
968,new,"nju:, nu:",adj．新的；新鲜的
969,news,"nju:z, nu:z",n．新闻；消息
970,newspaper,"'nju:s,peipə, 'nju:z-",n．报纸
971,next,nekst,"adj．最近的；紧挨着的；隔壁的；下一次的
adv．最近地；然后；下一步"
972,nice,nais,adj．令人偷快的；好的；漂亮的
973,night,nait,n．夜；夜间
974,no,nəu,"adv．不，不是，没有，无
adj. 没有，无，不"
975,nobody,"'nəubədi, -bɔdi",pron．没有人，谁也不
976,noise,nɔiz,n．声音；噪声；响声
977,noisy, ˈnɔɪzi,adj．嘈杂的；喧闹的
978,none,nʌn,pron．没有任何东西；没有人
979,noodle,'nu:dl,n．面条
980,nor,"nɔ:, 弱 nə",conj．也不
981,north,nɔ:θ,"n．北的；朝北的；北方的
adj.北；北方；北部"
982,nose,nəuz,n．鼻子
983,not, nɒt,adv．不，没
984,note,nəut,n．便条，笔记；钞票
985,nothing,'nʌθiŋ,pron．没有东西；没有什么
986,notice,'nəutis,"n．布告；通知；注意
v．注意，注意到"
987,novel,'nɔvəl,n.小说
988,November,nəu'vembə,n．十一月
989,now,nau,adv．现在
990,nowadays,'nauədeiz,adv．当今，现在
991,nowhere,'nəuhwεə,adv.任何地方都不
992,number,'nʌmbə,n．数，数字；号码；数量
993,nurse,nə:s,n．护士；保育员
994,obey,əu'bei,v．服从；顺从；听从
995,observe, əbˈzɜ:v,v.观察；观测
996,occupation,",ɔkju'peiʃən",n．职业
997,ocean,'əuʃən,n．海洋
998,o’clock, o’clock,n.……点钟
999,October,ɔk'təubə,n．十月
1000,of,"ɔv, əv, v, f",prep．(表示所属、数量、其中等)……的
1001,off,"ɔ:f, ɔf",adv．1．离开；走开2．断掉（电、水等）
1002,offer,ˈɒfə,v．& n.提供
1003,office,"'ɔfis, 'ɔ:-",n.办公室
1004,officer,"'ɔfisə, 'ɔ:-",n.官员，办事员
1005,official, əˈfɪʃl,"adj.官方的，政府的；官员的
n.（公司、团体或政府的）官员"
1006,often,"'ɔfən, 'ɔftən, 'ɔ:-",adv.常常，经常
1007,oil,ɔil,n.油，石油
1008,ok, əʊˈkeɪ,adj.&adv.对，好，可以
1009,old,əuld,adj.年老的；古老的；旧的
1010,Olympic,əu'limpik,"adj.奥林匹克的
n.奥林匹克（运动会）"
1011,on,"ɔn, ɔ:n, ən, n","prep.在……之上；在……时刻；关于
adv.（穿、放……）上；（电、水等）接通；进行下去
adj.在上映"
1012,once,wʌns,adv.&conj.&n.一次；一度；从前
1013,one,wʌn,pron.一次；一度；从前
1014,only,'əunli,"adv.只；只是；仅仅
adj.唯一的；仅有的"
1015,onto,"'ɔntu, -tə",prep.到……上面
1016,open,'əupən,"v.打开；张开；开办；开设
adj.开着，开口的；敞开的；营业中"
1017,operate, ˈɒpəreɪt,v.动手术，开刀；操刀；运转
1018,operation,",ɔpə'reiʃən",n.手术
1019,opinion,ə'pinjən,n.观点，看法
1020,opposite,"'ɔpəzit, -sit",adj.&prep.在……对面；相对的；对立的
1021,or,"ɔ:, ə",conj.或者；还是；否则
1022,orange,"'ɔrindʒ, 'ɔ:-","n.橘子，橙，橙色
adj.橙色的"
1023,order,'ɔ:də,"n.命令，指示，顺序
v.命令；定购；点（菜、饮料等）"
1024,ordinary,"'ɔ:dinəri, -neri-",adj.普通的，平常的
1025,oraganization, ˌɔ:gənaɪˈzeɪʃn,n.组织；团体；机构
1026,organize,'ɔ:ɡənaiz,v.组织
1027,other,'ʌðə,"adj.其他的；另外的
pron.别人；别的东西"
1028,ought,ɔ:t,aux.v.(to)应该，应当
1029,out,aut,adv.向外，在外，离开
1030,outdoor,'əutdɔ:,adj.室外的
1031,outside,",aut'said, 'aut'said","prep.在……外
adv.在外面"
1032,oven,'ʌvən,n.炉子；烤箱
1033,over,'əuvə,"prep.在……上方；越过；遍及；超过
adv.结束；越过；翻转"
1034,own,əun,"adj.自己的
v.拥有"
1035,owner,'əunə,n.拥有者；物主
1036,Pacific,pə'sifik,n.太平洋
1037,pack,pæk,"n.包
v.打包"
1038,page,peidʒ,n.页；页码
1039,pain,pein,n.疼痛，疼
1040,paint, peɪnt,"v.油漆，粉刷，绘画
n.油漆；涂料；颜料"
1041,painting,'peintiŋ,n.画，油画，水彩画
1042,pair,pεə,n.一双；一对
1043,palace,'pælis,n.宫，宫殿
1044,pale,peil,adj.苍白的，灰白的
1045,panda,'pændə,n.熊猫
1046,paper,'peipə,n.（不可数）纸；（可数）报纸；考卷；文件
1047,parent,'pεərənt,n.父（母），（复数）双亲
1048,Paris,'pæris,n.（法国首都）巴黎
1049,park,pɑ:k,"n.公园
v.停放（车辆等）"
1050,part, pɑ:t,n.部分；角色；部件；零件
1051,partner,'pɑ:tnə,n.搭档，合作者
1052,party, ˈpɑ:ti,n.聚会，晚会；政党；党派
1053,pass,"pɑ:s, pæs",v.传，递；经过，路过；通过
1054,passage,ˈpæsɪdʒ,n.（文章等的）一节，一段；通道
1055,passenger,'pæsindʒə,n.乘客；旅客
1056,passport,"'pɑ:spɔ:t, 'pæs-",n.护照
1057,past,"pɑ:st, pæst","prep.（指时间等）过……；走过某地
n.过去；昔日；往事"
1058,patient, ˈpeɪʃnt,"n.病人
adj.耐心的"
1059,pay, peɪ,"v.付钱，给……报酬(paid,paid)
n.工资"
1060,P.E., P.E.,体育
1061,peace,pi:s,n.和平
1062,pear,pεə,n.梨
1063,pearl,pə:l,n.珍珠
1064,pen,pen,n.钢笔；笔
1065,pencil,'pensəl,n.铅笔
1066,penny,'peni,n.（英）便士；美分(复pence)
1067,people,'pi:pl,n.人；人们；人民
1068,per,"强pə:, 弱pə",prep.每，每一
1069,percent,pə'sent,n.百分比
1070,perfect,"'pə:fikt, pə'fekt",adj.完美的；极好的
1071,performance, pəˈfɔ:məns,n.表演，演出；行动
1072,perhaps, pəˈhæps,adv.可能；也许
1073,person,'pə:sən,n.人
1074,personal,'pə:sənl,adj.个人的，私人的
1075,pet,pet,n.宠物
1076,phone,fəun,"n.电话(telephone)
v.打电话"
1077,photo,'fəutəu,n.照片(photograph)
1078,physical, ˈfɪzɪkl,adj.身体的；物理的
1079,physics,'fiziks,n.物理（学）
1080,piano,"pi'ænəu, pi'ɑ:-",n.钢琴
1081,pick,pik,v.拾起；摘，采集；挑选
1082,picnic,'piknik,野餐
1083,picture,'piktʃə,n.图片；图画；照片；影片
1084,piece,pi:s,n.一块（片，张，件，段……）；碎片；部件
1085,pig, pɪg,n.猪
1086,pilot,'pailət,n.飞行员
1087,pin, pɪn,"v.用针别住
n.针"
1088,pineapple,"'pain,æpl",n.菠萝
1089,pink,piŋk,"n.粉红
adj.粉红色的"
1090,pioneer,",paiə'niə",n.先锋，开拓者
1091,pity,'piti,n.怜悯，同情；可惜
1092,pizza,'pi:tsə,n.比萨饼
1093,place,pleis,"n.地方，处所
v.放置"
1094,plan,plæn,v.&n.计划，打算
1095,plane,plein,n.飞机
1096,planet,'plænit,n.行星
1097,plant,"plɑ:nt, plænt","n.植物
v.种植；播种"
1098,plastic,"'plæstik,'plɑ:s-",adj.塑料的
1099,plate,pleit,n.盘子；碟子；板；牌
1100,platform,'plætfɔ:m,n.讲台；站台
1101,play,plei,"v.玩；打（球）；演奏；扮演；播放
n.玩耍；戏剧；剧本"
1102,playground, ˈpleɪgraʊnd,n.操场，运动场
1103,pleasant,'plezənt,adj.令人愉快地，舒适的
1104,pleased,pli:zd,adj.感到高兴的；感到满意的
1105,please,pli:z,v.请
1106,pleasure,"'pleʒə, 'plei-",n.高兴；愉快
1107,plenty,'plenti,n.丰富，充足；大量
1108,P.M., ˌpi: ˈem],下午(p.m.)
1109,plus,plʌs,prep.加，加上
1110,pocket,'pɔkit,n.（衣服的）口袋
1111,poem,'pəuim,n.诗
1112,point,pɔint,"v.指；指向
n.点；分数；小数点"
1113,pole,pəul,n.杆；极
1114,policeman,pə'li:smən,n.警察(复policemen)
1115,politely,pə'laitli,adv.有礼貌地
1116,politics,'pɔlitiks,n.政治
1117,pollute,pə'lut,v.污染，弄脏
1118,pollution,pə:'lju:ʃən,n.污染
1119,pool,pu:l,n.水池，水塘
1120,poor,"puə, pɔ:",adj.贫穷的；可怜的；不好的
1121,popular,'pɔpjulə,adj.流行的；大众的；受欢迎的(=pop)
1122,population,",pɔpju'leiʃən",n.人口；人数
1123,pork,pɔ:k,n.猪肉
1124,possible,'pɔsəbl,adj.可能的；也许的
1125,possibly,'pɔsəbli,adv.可能地；也许
1126,post,pəust,"n.邮政，邮寄，邮件
v.投寄；邮寄"
1127,postcard,'pəustka:d,n.明信片
1128,postman,'pəustmən,n.邮递员(复postmen)
1129,pot,pɔt,n.锅，壶，罐
1130,potato,pə'teitəu,n.土豆，马铃薯
1131,pound,paund,n.磅（重量单位）；英镑
1132,power, ˈpaʊə®,n.电源；能源；动力；电力
1133,powerful,'pauəful,adj.强大的
1134,practise,'præktis,"n.练习；实践
v.练习，实践"
1135,praise,preiz,n.&v.赞扬，表扬
1136,precious,'preʃəs,adj.宝贵的，珍贵的
1137,predict,pri'dikt,v.预言；预料
1138,prefer,pri'fə:,v.宁愿（选择），更喜欢
1139,prepare,pri'pεə,v.准备，预备
1140,present,"'prezənt, pri'zent","n.礼物；赠品；现在
adj.出现的，出席的"
1141,president, ˈprezɪdənt,n.总统；主席
1142,press,pres,v.压，按
1143,pretend,pri'tend,v.假装，装作
1144,pretty, ˈprɪti,adj.漂亮的
1145,prevent,"pri'vent, pri:-",v.防止，预防；阻止，阻挡
1146,price,prais,n.价格
1147,primary,'praiməri,adj.初等的；初级的
1148,print,print,v.打印，印刷
1149,prison,'prizən,n.监狱
1150,private,'praivit,adj.私人的；私有的
1151,prize,praiz,n.奖赏，奖品
1152,probably,'prɔbəbli,adv.很可能地，大概，或许
1153,problem,'prɔbləm,n.问题，难题，习题
1154,process,"'prəuses, 'prɔ-","v.处理；加工
n.过程"
1155,produce, prəˈdju:s,v.生产；产生；制造
1156,product,"'prɔdəkt, -ʌkt",n.产品
1157,program,"'prəuɡræm, -ɡrəm",n.节目；项目
1158,progress,"'prəuɡres, 'prɔ-, prəu'ɡres",n.进步，进展
1159,project,英 [prəˈdʒekt] 美 [prəˈdʒɛkt,n.工程；课程；作业；项目；规划
1160,promise,'prɔmis,n.&v.答应；承诺
1161,pronounce,prəu'nauns,v.发音
1162,properly,'prɔpəli,adv.适当地，合适地
1163,protect,prəu'tekt,v.保护
1164,proud,praud,adj.自豪的；骄傲的
1165,prove,pru:v,v.证明
1166,provide,prəu'vaid,v.提供
1167,public,'pʌblik,"adj.公众的，公共的
n.公众"
1168,publish,'pʌbliʃ,v.出版
1169,pull,pul,v.拉；拖；拔
1170,push, pʊʃ,v.&n.推
1171,put,put,"v.放，摆(put,put)"
1172,quarter,'kwɔ:tə,n.四分之一；一刻钟
1173,queen,kwi:n,n.皇后；王后
1174,question,'kwestʃən,n.问题
1175,quick,kwik,adj.快的；敏捷的；迅速的
1176,quickly,'kwikli,adv.快地；迅速地
1177,quiet, ˈkwaɪət,adj.安静的
1178,quietly,'kwaiətli,adv.安静地
1179,quite,kwait,adv.完全；十分；相当
1180,quiz,kwiz,n.测验
1181,race, reɪs,"v.比赛；赛跑
n.赛跑"
1182,radio,'reidiəu,n.无线电；收音机
1183,railway,'reilwei,n.铁路；铁道
1184,rain,rein,"n.雨；雨水
v.下雨"
1185,rainy,'reini,adj.有雨的，多雨的
1186,raise,reiz,v.举起，使升高；饲养，抚养；筹钱
1187,rather,"'rɑ:ðə, 'ræ-",adv.相当，颇；宁可
1188,reach,ri:tʃ,v.到达
1189,read,ri:d,"v.读；朗读
(read,read)"
1190,ready,'redi,adj.准备好的；乐于
1191,real,"'riəl, ri:l",adj.真实的；确实的；真正的
1192,realize, ˈri:əlaɪz,v.认识到；实现
1193,really,"'riəli, 'ri:li",adv.真正地；确实
1194,reason,'ri:zən,n.理由，原因
1195,rebuild,",ri:'bild, 'ri:,bild",v.重建
1196,receive,ri'si:v,v.收到，得到
1197,recent,'ri:sənt,adj.近来的，最近的
1198,recently,'ri:səntli,adv.最近；近来
1199,recognize,'rekəɡnaiz,v.辨认出；认识
1200,record,"ri'kɔ:d, 'rekɔ:d","n.记录；唱片
v.录制，录音；记录"
1201,recorder,ri'kɔ:də,n.录音机
1202,red,red,"n.红色
adj.红色的"
1203,reduce,"ri'dju:s, -'du:s",v.减少；缩减
1204,reference,'refərəns,n.编号，参考
1205,refuse,"ri'fju:z, ri:-",v.拒绝，不愿
1206,regular,'reɡjulə,adj.规则的，经常
1207,relationship,ri'leiʃənʃip,n.关系
1208,relative,'relətiv,n.亲戚
1209,relax,ri'læks,v.（使）放松，松弛
1210,rely,ri'lai,v.依靠
1211,remember,ri'membə,v.记得；想记
1212,repair,ri'pεə,n.&v.修理
1213,repeat,ri'pi:t,v.重复
1214,reply,ri'plai,v.&n.回答，答复
1215,report,ri'pɔ:t,"n.报道；报告；成绩单
v.报告；汇报"
1216,reporter,ri'pɔ:tə,n.记者
1217,republic,ri'pʌblik,n.共和国
1218,require,ri'kwaiə,v.需要；要求
1219,research,rɪˈsɜ:rtʃ,v.研究，调查
1220,resourse,ˈri:sɔ:rs,n.资源
1221,respect,ri'spekt,v.慎重对待，尊重
1222,response,ri'spɔns,n.响应；反应；作答
1223,responsible,ri'spɔnsəbl,adj.负责的；有责任的
1224,rest,rest,"n.休息；剩余部分；其余的人（物）
v.休息，歇息"
1225,restaurant,"'restərɔŋ, -rɔnt, -rənt",n.饭馆；饭店
1226,result,ri'zʌlt,n.结果；成果
1227,retired,ri'taiəd,adj.退休的
1228,return,ri'tə:n,v.回来，返回；归还；偿还
1229,review,ri'vju:,n.&v.复习，评论
1230,rice,rais,n.稻；米；米饭
1231,rich, rɪtʃ,adj.富裕的；有钱的；味道浓的；重油的
1232,rid,rid,v.使摆脱
1233,ride, raɪd,"v.骑（马、自行车等）
n.乘车旅行
(rode,ridden)"
1234,right,rait,"adj.对；正确的；恰当的；右边的
adv.正确地；恰恰；向右，在右边
n.右；权利"
1235,ring,riŋ,"v.（钟，铃等）响；摇铃；打电话
n.打电话，铃声；环形物
(rang,rung)"
1236,rise,"raiz, rais","v.上升，上涨；起立
(rose,risen)"
1237,river,'rivə,n.江，河
1238,road,rəud,n.路；道路
1239,roast,rəust,v.烤（肉）
1240,rob,rɔb,v.抢夺，抢劫
1241,robbery,'rɔbəri,n.抢劫
1242,robot,"'rəubɔt, -bət, 'rɔbət",机器人
1243,rock ,rɔk,n.岩石
1244,rocket,'rɔkit,n.火箭
1245,room," rum, rʊm",n.房间，室；空间；地方
1246,root,"ru:t, rut",n.根；根源；起源
1247,rope,rəup,n.绳子
1248,rose, roʊz,n.玫瑰花
1249,rough,rʌf,n.粗糙的；不平的；风浪急的
1250,round,raund,"adj.圆的；球形的
adv.环绕地；在周围
prep.环绕一周；围着"
1251,row,rəu,n.（一）排，（一）行
1252,rubbish,'rʌbiʃ,n.垃圾；废物
1253,rule,ru:l,"n.规则；规定
v.统治"
1254,run, rʌn,"v.跑；奔跑；经营；管理
n.跑，奔跑
(ran,run)"
1255,rush,rʌʃ,v.冲，奔跑
1256,sad,sæd,adj.（使人）悲伤的
1257,safe,seif,"adj.安全的；平安的
n.保险柜"
1258,safely,'seifli,adv.安全地；平安地
1259,safety,'seifti,n.安全，平安
1260,salad,'sæləd,n.色拉
1261,salary,'sæləri,n.薪金，薪水
1262,sale,seil,n.卖，出售
1263,salt,sɔ:lt,n.盐
1264,same,seim,"adj.同样的；同一的
pron.同样的事"
1265,sandwich,'sænwidʒ,n.三明治
1266,satisfied,'sætisfaid,adj.满足的，满意的
1267,Saturday,'sætədi; -dei,n.星期六
1268,sauce,sɔ:s,n.酱汁；调味汁
1269,save, sev,v.救，挽救；节省
1270,say,sei,"v.说，讲
(said,said)"
1271,saying,'seiiŋ,n.谚语，俗语；格言
1272,school,sku:l,n.学校
1273,science,'saiəns,n.科学；自然科学
1274,scientist,'saiəntist,n.科学家
1275,score,skɔ:,n.得分，分数
1276,screen,skri:n,n.屏幕；荧光屏
1277,sea,si:,n.海；海洋
1278,seafood,'si:fud,n.海鲜
1279,search,sə:tʃ,v.&n.搜寻，搜查
1280,seaside,'si:said,n.海滨
1281,season,'si:zən,n.季；季节
1282,seat,si:t,n.座位
1283,second,'sekənd,"n.第二人；秒
adj.第二位的
adv.第二位；其次"
1284,secondary,'sekəndəri,adj.中等的；第二的
1285,secret,'si:krit,n.秘密
1286,secretary,'sekrətəri,n.秘书
1287,section, ˈsɛkʃən,n.部分；部门；栏目
1288,see,si:,"v.看见，看到；领会；理解；拜访；会见
(saw,seen)"
1289,seem,si:m,v.似乎；好像
1290,seldom,'seldəm,adv.很少，不常
1291,select,si'lekt,v.选择，挑选，选拔
1292,sell,sel,"v.卖；售
(sold,sold)"
1293,send,send,"v.打发；派遣；送；邮寄
(sent,sent)"
1294,senior,'si:njə,adj.年长的，高级的，高年级的
1295,sense, sɛns,n.感觉；意识；感官
1296,sentence,'sentəns,n.句子
1297,September,sep'tembə,n.九月
1298,serous,"'siərəs, 'si:r-",adj.严肃的；严重的；认真的
1299,serously, ˈsɪriəsli,adv.严肃地；严重地；认真地
1300,serve,sə:v,v.招待（顾客等），为……服务
1301,service,'sə:vis,n.服务；公用事业
1302,set,set,"v.释放，安置；树立（榜样）；创造（纪录）
(set,set)"
1303,settle,'setl,v.安家，定居；解决
1304,several,'sevərəl,adj.几个，数个
1305,sex,seks,n.性别
1306,shake, ʃek,"v.握（手），摇（头）；使震动
(shook,shaken)"
1307,shall,"ʃæl, 弱ʃəl, ʃl, ʃə, ʃ",aux.v.(should)（表示将来）将要，会；（用来征求意见）……好吗
1308,shame,ʃeim,n.遗憾的事；羞愧
1309,shape,ʃeip,n.形状，外形，样子；
1310,share,ʃεə,v.分享，共同使用
1311,sheep,ʃiːp,n.（绵）羊(复sheep)
1312,shelf, ʃɛlf,n.架子；搁板(复shelves)
1313,shine, ʃaɪn,"v.发光；照耀；使发光
(shone,shone)"
1314,ship,ʃip,n.船；轮船
1315,shirt,ʃə:t,n.男衬衫
1316,shoe,ʃu:,n.鞋
1317,shop,ʃɔp,"n.店铺
v.购物"
1318,short,ʃɔ:t,adj.短的；矮的
1319,should,"ʃud, 弱 ʃəd, ʃd",aux.v.应当，应该，会(shall的过去时态)
1320,shout,ʃaut,v.&n.喊；高声呼喊
1321,show,ʃəu,"v.给……看，出示；显示；告知；表明
n.展示；演出；节目；展览会
(showed,shown或showed,showed)"
1322,shower,'ʃauə,n.阵雨；淋浴
1323,shut,ʃʌt,"v.关上，封闭
(shut,shut)"
1324,sick, sɪk,adj.有病的；患病的；（想）呕吐的；恶心的
1325,side,said,n.边，旁边；面，侧面
1326,sight,sait,n.风景；视力
1327,sightseeing,'saitsi:iŋ,n.游览；观光
1328,sign, saɪn,"n.符号，标记
v.签名，署名"
1329,silent,'sailənt,adj.静的，无声的
1330,silly, ˈsɪli,adj.傻的，愚蠢的
1331,simple,'simpl,adj.简单的，简易的
1332,similar,'similə,adj.相似的，像
1333,since,sins,"prep.从……以来；自从
conj.从……以来；由于；既然"
1334,sing,sɪŋ,v.唱；演唱
1335,single,'siŋɡl,n.单一的；单个的；单身的
1336,sir, sɚ,n.先生；阁下
1337,sister, ˈsɪstɚ,n.姐；妹
1338,sit,sit,"v.坐(sat,sat)"
1339,situation,",sitju'eiʃən, -tʃu-",n.形势，情况；场面
1340,size,saiz,n.尺寸；大小
1341,skate,skeit,v.溜冰
1342,skill,skil,n.技能；技巧
1343,skin,skin,n.皮肤
1344,skirt,skə:t,n.女裙
1345,sky,skai,n.天空
1346,sleep,sli:p,"v.睡觉
n.睡眠
(slept,slept)"
1347,slow,sləu,adj.慢慢的；缓慢的
1348,slowly,'sləuli,adv.慢慢地；缓慢地
1349,small,smɔ:l,adj.小的，少的
1350,smart,smɑːt,adj.灵巧的，聪明的
1351,smell,smel,"v.嗅；闻到
n.气味
(smelt,smelt)"
1352,smile,smail,v.&n.微笑
1353,smoke,sməuk,"n.烟
v.冒烟；吸烟"
1354,snack,snæk,n.小吃
1355,snow,snəu,"n.雪
v.下雪"
1356,snowy,'snəui,adj.下雪的；多雪的
1357,so,"'səu, 弱 sə","adv.如此；这么；也；同样
conj.因此；所以；为的是，以便"
1358,soft,"sɔft, sɔ:ft",adj.软的，柔和的
1359,softly,'sɔftli,adv.温柔地
1360,soldier,'səuldʒə,n.士兵，军人
1361,solution,sə'lju:ʃən,n.解决方法；解答
1362,solve,"sɔlv, sɔ:lv",v.解决，解答
1363,some, sʌm,"adj.一些；若干；几个；某个
pron.一些；若干"
1364,somebody,"'sʌm,bɔdi, -bʌ-, -bə-",pron.某人；有人（=someone）
1365,something,'sʌmθiŋ,pron.某事；某物
1366,sometimes,'sʌmtaimz,adv.有时
1367,son,sʌn,n.儿子
1368,song,"sɔŋ, sɔ:ŋ",n.歌曲，歌唱
1369,soon,su:n,adv.不久，很快，一会儿
1370,sorry,"'sɔ:ri, 'sɔ-",adj.对不起的；抱歉的；难过的
1371,sound,saund,"n.声音
v.听起来；发出声音"
1372,soup,su:p,n.汤
1373,south,"sauθ, sauð","n.南；南方；南部
adj.南（方）的；向南的"
1374,space,speis,n.空间，太空
1375,spaceship,'speisʃip,n.宇宙飞船
1376,spare,spεə,adj.空闲的，多余的，剩余的
1377,speak,spi:k,"v.说；讲；谈话；发言
(spoke,spoken)"
1378,special,'speʃəl,adj.特别的，专门的
1379,speech,spi:tʃ,n.演讲，说话
1380,speed,spi:d,"n.速度
v.（使）加速"
1381,spend,spend,v.度过；花费（钱、时间等）
1382,spoon,spu:n,n.调羹
1383,sport,spɔ:t,n.体育运动，锻炼
1384,spread,spred,"v.延伸；展开
(spread,spread)"
1385,spring,spriŋ,n.春天；春季
1386,square,skwεə,"n.广场
adj.平方的；方形的"
1387,stamp,stæmp,n.邮票
1388,stand,stænd,"v.站；站立
(stood,stood)"
1389,star,stɑ:,n.星，恒星
1390,start,stɑ:t,"v.开始，着手；出发
n.开端，开始"
1391,state,steit,n.状态；情形；国家，（美国的）州
1392,station, ˈsteʃən,n.车站，电台
1393,stay,stei,n.&v.停留，逗留，呆
1394,steak,steik,n.牛排
1395,steal, stil,"v.偷，窃取
(stole,stolen)"
1396,steam,sti:m,n.汽，水蒸气
1397,step,step,"n.脚步，台阶
v.走；跨步"
1398,stick, stɪk,"n.木棒（棍），枝条
v.黏住，钉住；坚持"
1399,still,stil,"adv.仍然，还
adj.不动的，平静的"
1400,stocking,'stɔkiŋ,n.长筒袜
1401,stomachache,'stʌməkeik,n.胃痛
1402,stone,stəun,n.石头，石料
1403,stop,stɔp,"v.停，停止，阻止
n.停；（停车）站"
1404,store,stɔ:,"n.商店
v.储藏，存储"
1405,storm,stɔ:m,n.风暴，暴（风）雨（雪）
1406,story,'stɔ:ri,n.风暴，暴（风）雨（雪）
1407,straight, streit,"adj.一直的，直的
adv.一直地，直地"
1408,strange,streindʒ,adj.奇怪的，奇特的，陌生的
1409,street,stri:t,n.街；街道
1410,strict,strikt,adj.严格的；严密的
1411,strike,straik,"v.敲，打击，侵袭；（钟）鸣
(struck,struck/stricken)"
1412,strong,"strɔŋ, strɔ:ŋ",adj.强（壮）的；坚固的；强烈的；坚强的
1413,student,"'stju:dənt, 'stu:-",n.学生
1414,study,'stʌdi,"n.学习；研究；书房
v.学习，研究"
1415,stupid,"'stju:pid, 'stu:-",adj.愚蠢的，笨的
1416,subject,"'sʌbdʒikt, -dʒe-, səb'dʒekt",n.题目；主题；学科；主语；主体
1417,succeed,sək'si:d,v.获得成功，达到目的
1418,success,sək'ses,n.成功
1419,successful,sək'sesful,adj.成功的
1420,such,"sʌtʃ, sətʃ","adj.这样的；那样的
pron.（泛指）人，事物"
1421,suddenly,'sʌdnli,adv.突然地
1422,suffer,'sʌfə,v.受苦，遭受
1423,sugar,'ʃuɡə,n.糖
1424,suggest, səɡ'dʒest,v.建议，提议
1425,suggestion,səɡ'dʒestʃən,n.建议，提议
1426,summer,'sʌmə,n.夏天；夏季
1427,sun,sʌn,n.太阳；阳光
1428,Sunday,'sʌndei,n.星期日
1429,sunny,'sʌni,adj.阳光充足的，晴朗的
1430,supermarket,"sju:pə,mɑ:kit",n.超级市场
1431,supper, 'sju:pə,n.晚餐，晚饭
1432,support,sə'pɔ:t,v.&n.支持，赞助
1433,suppose,sə'pəuz,v.猜想，假定，料想
1434,sure,"ʃuə, ʃɔ:",adj.肯定的，确信的，有把握的
1435,surface,'sə:fis,n.表面
1436,surprise,sə'praiz,"n.惊奇，诧异
v.使惊奇，使诧异"
1437,surprised,sə'praizd,adj.感到惊奇的
1438,survey,"sə:'vei, 'sə:vei, sə-",v.&n.调查
1439,sweep,swi:p,"v.扫除，扫
(swept,swept)"
1440,sweet,[swi:t],"adj.甜的；可爱的
n.甜食；糖果"
1441,swim,swim,"v.&n.游泳
(swam,swum)"
1442,system,'sistəm,n.体系；系统
1443,table, 'teibl,n.桌子；表格
1444,take, teik,"v.1．拿；2．拿走3．做 4．吃，服用5．乘坐（车、船）6．花费（时间）7．拍照
(took,taken)"
1445,talk,tɔ:k,n.&v.谈话；讲话；演讲；交谈
1446,tall,tɔ:l,n.高的
1447,tap,tæp,n.（自来水、煤气灯的）龙头
1448,tape,teip,n.磁带；录音带
1449,task,"tɑ:sk, tæsk",n.任务，工作
1450,taste,teist,"n.味道
v.品尝，尝味"
1451,taxi,'tæksi,n.出租汽车
1452,tea,ti:,n.茶；茶叶
1453,teach,ti:tʃ,"v.教书，教
(taught,taught)"
1454,teacher,'ti:tʃə,n.教师
1455,team,ti:m,n.队，组
1456,technology,tek'nɔlədʒi,n.技术
1457,teenager,"'ti:n,eidʒə",n.（13一19岁的）青少年，十几岁的少年
1458,telephone,'telifəun,"n.电话，电话机
v.打电话(=phone)"
1459,television,"'teli,viʒən, ,teli'v-",n.电视(TV)
1460,tell,tel,"v.告诉；讲述；吩咐
(told,told)"
1461,temperature, 'temprətʃə,n.温度
1462,temple,templ,n.庙宇，寺院
1463,tennis,tenɪs,n.网球
1464,term,tɜːm,n.学期
1465,terrible,'terəbl,adj.可怕的，糟糕的
1466,test,test,v.&n.测试，考察，实验
1467,text,tekst,n.文本，课文
1468,than,"ðæn, 弱ðən, ðn",conj.比
1469,thank,θæŋk,"v.感谢，致谢，道谢
n.（复）感谢，谢意"
1470,thankful,'θæŋkful,adj.感谢的；感激的
1471,that,"ðæt, 弱ðət, ðt","adj.&pron.那；那个
conj.引导宾语从句"
1472,theater,"'θiətə, 'θi:ə-",n.剧院，戏院
1473,then,ðen,adv.当时；那时；然后，后来；那么（通常用于句首或句尾）
1474,there,"ðεə, 弱ðə, ðr",adv.在那里；往那里；（作引导词）表“存在”
1475,these,ði:z,adj.&pron.这些
1476,thick,θik,adj.厚的；浓的
1477,thin,θin,adj.瘦的；薄的
1478,thing,θiŋ,n．东西；事情
1479,think,θiŋk,"v.想；思考；认为；考虑
（thought，thought） "
1480,thirsty ,'θə:sti,adj．渴
1481,this,"ðis, 弱ðəs",adj．& pron.这；这个
1482,those ,ðəuz,adj．& pron.那些
1483,thought                 ,θɔ:t,n.    思想，想法
1484,through ,θru:,prep．穿（通）过；从始至终
1485,throughout ,θru:'aut,prep．遍及；贯穿
1486,throw,θrəu,"v.投、掷、扔
（threw，thrown） "
1487,Thursday ,'θə:zdi; -dei,n．星期四
1488,ticket ,'tikit,n．票；券
1489,tidy ,'taidi,adj．整洁的，干净的
1490,tie ,tai,"n．领带，结
（用绳、线）系、栓"
1491,tiger ,'taiɡə,n．老虎
1492,till ,til,prep．& conj.直到；直到……为止
1493,time ,taim,n．时间；时期；钟点；次；回
1494,tip,tip,n.尖端；提示；小费
1495,tired ,'taiəd,adj．疲劳的；累的
1496,title ,'taitl,n．标题，题目
1497,to ,"强 tu:, 弱 tu, 辅音前弱tə, t",prep．（表示接受动作的人或物）给……；
1498,today ,tə'dei,adv．& n.今天；现在，当前
1499,together ,tə'ɡeðə,adv．一起，共同
1500,tomorrow ,"tə'mɔrəu, -'mɔ:-",adv．& n.明天
1501,tonight ,tə'nait,adv．& n.今晚，今夜
1502,too ,tu:,adv．也，还；又；太，过分；很，非常
1503,tool ,tu:l,n．工具
1504,tooth,tu:θ,n．牙齿（复teeth） 
1505,toothache ,'tu:θeik,n．牙痛
1506,top ,tɔp,"n．顶部，（物体的）上面
adj．最上面的；居首位的"
1507,topic,'tɔpik,n.题目，话题
1508,touch ,tʌtʃ,v．触摸；接触
1509,tour ,tuə,n．参观；观光；旅行
1510,tourist ,'tuərist,n．游客，旅客，旅行者
1511,toward(s),tə'wɔːd,prep．向，朝，对于
1512,tower ,'tauə,n．塔
1513,town ,taun,n．城镇；城
1514,toy ,tɔi,n．玩具
1515,traditional ,trə'diʃənəl,adj．传统的
1516,traffic ,'træfik,n．交通
1517,train ,trein,"n．火车
v. 培训，训练"
1518,translate,træns'leɪt,v．翻译
1519,transport           ,"træns'pɔ:t; trænz-træns'pɔ:t, trænz-, trɑ:n-, 'trænspɔ:t, 'trænz-, 'trɑ:n-",v．  运输，运送
1520,travel,'trævəl,n．& v.旅行
1521,tree ,tri:,n．树
1522,trick ,trik,n．恶作剧；诡计，花招
1523,trip ,trip,n．旅行；旅程
1524,trouble ,'trʌbl,"n．问题；烦恼；麻烦；困难
v.      使苦恼，使麻烦"
1525,trousers ,'trauzəz,n．裤子，长裤
1526,TRUE,tru:,adj．真的，真实的
1527,truth ,tru:θ,n．真理，真相，实际情况
1528,try,trai,"v．试；试图；努力
n.试；努力"
1529,Tuesday ,'tju:zdi; -dei,n．星期二
1530,turkey ,tə:ki,n．火鸡
1531,turn,tɜːn,"v．旋转；翻转；转弯；转变；变得
n．   (轮流的）顺序"
1532,twice ,twais,adv．两次；两倍
1533,twin ,twin,n．双胞胎之一
1534,type ,taip,"n．类型,打字"
1535,umbrella ,ʌm'brelə,n．伞
1536,uncle ,'ʌŋkl,n．叔；伯；舅；姑夫；姨父
1537,under ,'ʌndə,adv．& prep．在……下面，向……下面
1538,underground,'ʌndəɡraund,"adj．地下的
n.地铁"
1539,underline                   ,",ʌndə'lain, 'ʌndəlain",v.   在……下划线；强调，使突出
1540,understand,",ʌndə'stænd","v.明白；懂得；理解（understood,understood）"
1541,unhealthy ,",ʌn'helθi",adj．不健康的
1542,uniform ,'ju:nifɔ:m,n．制服
1543,unit ,'ju:nit,n．单元，单位；部件
1544,united ,ju:'naitid,adj．联合的，统一的
1545,university ,",ju:ni'və:səti",n．（综合性）大学
1546,unless,ən'les,conj．如果不，除非
1547,until ,",ʌn'til",prep．& conj.直到……为止
1548,unusual ,",ʌn'ju:ʒuəl",adj．不寻常的
1549,up ,ʌp,adv．& prep.向上；在上方；起来
1550,upset ,ʌp'set,adj．心烦的，难过的
1551,upstairs ,'ʌp'stεəz,adv．在楼上；到楼上
1552,use ,ju:z,"v．& n.利用；使用；应用
用途；用法"
1553,useful ,'ju:sful,adj．有用的；有益的
1554,usual,'ju:ʒuəl,adj．通常的，平常的
1555,usually ,'ju:ʒuəli,adv．通常；经常
1556,variety,英 [vəˈraɪəti] 美 [vəˈraɪɪti,n.种类；种种
1557,various,'vεəriəs,adj.各种各样的，不同的
1558,vegetable ,'vedʒitəbl,n．蔬菜
1559,very ,'veri,adv．很；非常
1560,victory ,'viktəri,n．胜利
1561,video ,'vidiəu,n．录像，视频
1562,view ,vju:,n．看法，见解；风景，景色；视野
1563,village ,'vilidʒ,n．村庄，乡村
1564,violin ,",vaiə'lin",n．小提琴
1565,visit,'vizit,n. & v． 参观，访问，拜访
1566,visitor ,'vizitə,n．参观者，访问者
1567,voice ,vɔis,n．嗓音
1568,volleyball ,'vɔlibɔ:l,n．排球
1569,volunteer,",vɔlən'tiə","n.志愿者
v.自愿(做)，自愿提供"
1570,wait,weit,v．等；等候
1571,waiter ,weitə,n．侍者；服务员
1572,waitress ,'weitris,n．女侍者；女服务员
1573,wake,weik,"v．醒来，唤醒
（woke,woken或waked,waked） "
1574,walk,wɔ:k,v．& n.步行；散步
1575,wall ,wɔ:l,n．墙
1576,want ,"wɔnt, wɔ:nt",v．要，想要；需要，必要
1577,war,wɔ:,n．战争
1578,warm ,wɔ:m,adj．暖和的；热情的
1579,warn,wɔ:n,v．警告；告诫
1580,wash,"wɔʃ, wɔ:ʃ",v．洗涤；洗
1581,waste,weist,"v．浪费
n.浪费，废物"
1582,watch,"wɔtʃ, wɔ:tʃ","v．观看，注视；当心
n.手表，表"
1583,water , 'wɔːtə,"n．水,浇水"
1584,wave,weiv,"v．挥手，招手；挥动
n.波，波浪"
1585,way ,wei,n．路，路线，路途；方法，手段
1586,weak ,wi:k,adj．弱的，差的，淡的
1587,wealth             ,welθ,n. 财产，财富
1588,wear,weə,"v.穿；戴
（wore，worn） "
1589,weather ,'weðə,n．天气
1590,Wednesday ,wenzdi; -dei,n．星期三
1591,week ,wi:k,n．星期
1592,weekday ,wi:kdei,n．工作日
1593,weekend ,",wi:k'end, 'wi:kend",n．周末
1594,weigh,wei,v．称……的重量；重
1595,weight ,weit,n．重量
1596,welcome ,welkəm,"n．欢迎
adj.受欢迎的
v.欢迎
int．欢迎"
1597,well,wel,"adj.健康的
adv．好地，令人满意地；完全地
n．井
int．（表示同意，惊讶等）好，好吧；那么
（better，best） "
1598,west ,west,"n．西部，西方
adj. 西方的；向西的"
1599,western ,westən,adj．西方的
1600,wet ,wet,adj．湿的；潮的；多雨的
1601,what ,"hwɔt, hwʌt, 弱hwət","pron．1.（表示疑问）什么；2.（表示建议）怎么样
adv．1.（表示感叹）多么；2.（表示疑问）什么
conj. 引导宾语从句"
1602,when ,wɛn,conj．& adv．当……的时候；什么时候
1603,where ,hwεə,adv．在哪里
1604,whether,'weðə,conj．是否
1605,which ,hwitʃ,adj．& pron.那（哪）一个（些）
1606,while ,hwail,"conj．在……的时候；正当……时
n.一会儿"
1607,white ,hwait,"n．白色
adj.白色的"
1608,who ,hu:,pron．谁
1609,whole ,həul,adj．整个的
1610,whom ,"hu:m, 弱 hum",pron．谁（who的宾格）
1611,whose ,hu:z,pron．谁的
1612,why ,hwai,adv．为什么
1613,wide ,waid,adj．宽的；广泛的
1614,widely ,'waidli,adv．宽阔地；广泛地
1615,widen,'waidən,v．拓宽
1616,wife,waif,n.妻子（复wives） 
1617,wild ,waild,adj．野生的，荒凉的
1618,will ,wɪl,"avx．v．1．（表示将来）将；会
2．（表示同意、允诺）愿意；
3．（表示提问）是否愿意；……好吗？
n.     意志"
1619,win,win,"v.获胜；赢得
（won，won） "
1620,wind ,[wɪnd],n．风
1621,window ,'windəu,n．窗户，视窗
1622,windy ,'windi,adj．有风的；起风的
1623,wine ,wain,n．酒；葡萄酒
1624,wing ,wɪŋ,n．机翼；翅膀
1625,winner ,'winə,n．获胜者
1626,winter ,'wintə,n．冬天；冬季
1627,wisdom ,'wizdəm,n．智慧
1628,wise ,waiz,adj．聪明的，明智的
1629,wish ,wiʃ,"n．愿望，祝愿
v.    希望，想要，祝愿"
1630,with ,"wið, wiθ","prep．1．（表示伴随）与……一道；跟……一起
2．（表示具有）带有；具有
3．（表示手段或方法）以……；用……
4. 和；有  5. 关于"
1631,within ,"wi'ðin, wi'θin",prep．在……范围之内
1632,without ,"wi'ðaut, -'θaut",prep．没有
1633,wolf,wulf,n．狼（复wolves）
1634,woman,'wumən,n.妇女，女人（复women）
1635,wonder,'wʌndə,"v．对……疑惑；想知道
n.奇迹；奇观"
1636,wonderful ,ˈwʌndərfl,adj．美妙的，精彩的；太好了
1637,wood ,wud,n．木头，木材；（复）树林
1638,wooden ,'wudən,adj．木质的
1639,word ,wə:d,n．词，单词；话
1640,work,wə:k,"v．工作；（机器等）运转，活动
n.工作；劳动"
1641,worker ,wə:kə,n．工作者；工人
1642,world ,wɜːld,n．世界
1643,worry,"'wʌri, 'wə:ri","v．担心；烦恼
n.烦恼，担忧"
1644,would,"wud, 弱wəd, əd, d",aux．v．愿意（will的过去式）
1645,wound ,waund,n．创伤，伤口
1646,wounded ,'wu:ndid,adj．受伤的
1647,write ,rait,"v.写；写作；写信（wrote,written）"
1648,writer ,'raitə,n．作家
1649,wrong , rɔŋ,adj．错误的；不正常的；有病的
1650,year , jɪə,n．年
1651,yellow , 'jeləu,"adj.黄色的
n．黄色"
1652,yes ,jes,adv．是；好；同意
1653,yesterday,"'jestədi,-dei",n. & adv．昨天
1654,yet ,jet,adv．尚，还，仍然
1655,young ,jʌŋ,adj．年轻的
1656,zero,"ziərəu, 'zi:rəu",n．＆ nurn．零；零度；零点
1657,zoo,zu:,n．动物园
